疾病ID,疾病名称,简介,治疗手段,常用药品,注意事项
1,百日咳,百日咳是由百日咳杆菌所致的急性呼吸道传染病。其特征为阵发性痉挛性咳嗽，咳嗽末伴有特殊的鸡鸣样吸气吼声。,抗生素治疗,红霉素、阿奇霉素,早期使用有效，注意过敏反应
2,苯中毒,苯是从煤焦油分馏及石油裂解所得的一种芳香烃化合物，系无色有芳香气味的油状液体。,脱离接触、对症支持,维生素C、葡萄糖,立即脱离中毒环境，监测肝肾功能
3,喘息样支气管炎,喘息样支气管炎又称哮喘性支气管炎，泛指一组喘息表现的婴幼儿急性支气管炎，是一种过敏性质的、常与呼吸道感染有关的疾病。,平喘、抗炎,沙丁胺醇、布地奈德,避免过敏原，注意婴幼儿用药剂量
4,成人呼吸窘迫综合征,成人呼吸窘迫综合征简称ARDS，是一种继发的，以急性呼吸窘迫和低氧血症为特征的综合征。,机械通气、支持治疗,无特定药品,需重症监护，密切监测血氧
5,大量羊水吸入,胎儿在宫内或分娩过程中吸入较大量羊水称大量羊水吸入，又称羊水吸入综合征。,对症支持、氧疗,无特定药品,密切观察呼吸状况，及时清理气道
6,单纯性肺嗜酸粒细胞浸润症,单纯性肺嗜酸粒细胞浸润症，又名吕弗琉综合征，是吕弗琉于1932年首先描述本病。,对症治疗,无特定药品,多数可自愈，定期复查
7,大叶性肺炎,大叶性肺炎，又名肺炎球菌肺炎，是由肺炎双球菌等细菌感染引起的呈大叶性分布的急性肺实质炎症。,抗感染治疗,青霉素、头孢类,青霉素过敏者禁用，疗程要足
8,大楼病综合征,大楼病综合征有多种表现，均因接触各种有害物质所致。,改善环境、对症,无特定药品,保持通风，避免长时间密闭环境
9,二硫化碳中毒,二硫化碳是工业上应用广泛的化学溶剂，也用于粘胶纤维、四氯化碳，农药生产等。,脱离接触、对症,维生素B族,立即脱离，注意神经系统损害
10,肺-胸膜阿米巴病,肺-胸膜阿米巴病是溶组织阿米巴原虫感染所致的肺及胸膜化脓性炎症，肝原性病变多发生在右下肺，血源性则多为两肺多发病变。,抗阿米巴治疗,甲硝唑、替硝唑,注意肝功能监测
11,肺出血－肾炎综合征,肺出血-肾炎综合征，又称抗基膜性肾小球肾炎，Goodpasture综合征或Goodpasture病，可能系病毒感染和/或吸入某些化学性物质引起。,免疫抑制治疗,糖皮质激素、环磷酰胺,需专科治疗，定期随访
12,肺放线菌病,肺放线菌病是由厌氧的以色列放线菌感染肺部引起的慢性化脓性肉芽肿性疾病，病变以多发性脓肿和窦道形成，分泌物含有硫黄色颗粒脓液为特征，易形成纤维化。,抗生素治疗,青霉素、四环素,疗程需长达数月
13,肺泡蛋白沉着症,肺泡蛋白沉着症是一种原因未明的少见疾病。,肺灌洗治疗,无特定药品,需专业医疗机构操作
14,肺曲菌病,肺曲菌病致病菌主要为烟曲菌，少数为黄曲菌、土曲菌、黑曲菌，棒状曲菌、构巢曲菌及花斑曲菌等。,抗真菌治疗,伏立康唑、伊曲康唑,注意肝功能监测
15,放射性肺炎,放射性肺炎系由于肺癌，乳腺癌，食管癌，恶性淋巴瘤或胸部其他恶性肿瘤经放射治疗后，在放射野内的正常肺组织受到射线损伤而引起的炎症反应。,糖皮质激素,泼尼松、地塞米松,剂量需个体化
16,肺念珠菌病,肺念珠菌病是一种常见的肺真菌病，由念球菌属感染所致。,抗真菌治疗,氟康唑、卡泊芬净,注意肾功能监测
17,肺大疱,肺大疱是指由于各种原因导致肺泡腔内压力升高，肺泡壁破裂，互相融合，在肺组织形成的含气囊腔。,对症观察,无特定药品,避免剧烈运动，定期复查
18,肺炎球菌肺炎,肺炎球菌肺炎是由肺炎链球菌所引起，占社区获得性肺炎中的半数以上。,抗生素治疗,青霉素、阿莫西林,青霉素过敏者改用头孢类
19,肺气肿,肺气肿是指终末细支气管远端的气道弹性减退，过度膨胀，充气和肺容积增大或同时伴有气道壁破坏的病理状态。,支气管扩张剂,沙丁胺醇、异丙托溴铵,戒烟是根本，避免感染
20,肺泡蛋白质沉积症,肺泡蛋白质沉积症，又称Rosen-Castle-man-Liebow综合征，是一种罕见疾病。,肺灌洗治疗,无特定药品,需专业医疗机构操作
21,肺炎杆菌肺炎,肺炎杆菌肺炎，克雷白杆菌肺炎是由肺炎克雷白杆菌引起的急性肺部炎症，多见于老年、营养不良、慢性酒精中毒，已有慢性支气管-肺疾病和全身衰竭的患者。,抗生素治疗,头孢类、氨基糖苷类,根据药敏结果选药
22,肺脓肿,肺脓肿是由于多种病因所引起的肺组织化脓性病变，早期为化脓性炎症，继而坏死形成脓肿。,抗生素治疗,克林霉素、甲硝唑,疗程需4-6周
23,肺水肿,肺水肿是指由于某种原因引起肺内组织液的生成和回流平衡失调，使大量组织液在很短时间内不能被肺淋巴和肺静脉系统吸收，从肺毛细血管内外渗，积聚在肺泡、肺间质和细小支气管内，从而造成肺通气与换气功能严重障碍，在临床临床表现为极度呼吸困难，端坐呼吸，紫绀，大汗淋漓，阵发性咳嗽伴大量白色或粉红色泡沫痰，双肺布满对称性湿Up音，X线胸片可见两肺蝶形片状模糊阴影，晚期可出现休克甚至死亡，动脉血气分析早期可有低O2、低CO2分压、严重缺O2，CO2 潴留及混合性酸中毒，属临床危重症之一。,利尿、氧疗,呋塞米、氨茶碱,紧急处理，监测电解质
24,非典,传染性非典型肺炎的简称，是由SARS冠状病毒引起的一种具有明显传染性、可累及多个脏器系统的特殊肺炎，世界卫生组织将其命名为严重急性呼吸综合征，临床上以发热、乏力、头痛，肌肉关节酸痛等全身症状和干咳、胸闷、呼吸困难等呼吸道症状为主要表现，部分病例可有腹泻等消化道症状;胸部X线检查可见肺部炎性浸润影、实验室检查外周血白细胞计数正常或降低，抗菌药物治疗无效是其重要特征。,抗病毒、支持治疗,利巴韦林、糖皮质激素,隔离治疗，密切监测
25,肺栓塞,肺栓塞是指嵌塞物进入肺动脉及其分支，阻断组织血液供应所引起的病理和临床状态。,抗凝治疗,华法林、低分子肝素,需定期监测凝血功能
26,肺炎,肺炎是指终末气道，肺泡和肺间质的炎症，可由疾病微生物、理化因素，免疫损伤、过敏及药物所致。,抗感染治疗,阿莫西林、头孢类,根据病原体选择抗生素
27,肺转移瘤,肺转移瘤是指原发于身体其它部位的恶性肿瘤经血道或淋巴道转移到肺。,手术、放化疗,无特定药品,早发现早治疗
28,肺大泡,肺大泡是一个病理学名词，是指由于各种原因导致肺泡腔内压力升高，肺泡壁破裂，互相融合，在肺组织形成的含气囊腔。,对症观察,无特定药品,避免剧烈运动，定期复查
29,肺炎性假瘤,肺炎性假瘤是肺内良性肿块，是一种肺实质非特异性炎性增生性肿瘤样病变，是由肺内慢性炎症产生的肉芽肿、机化、纤维结缔组织增生及相关的继发病变形成的肿块，并非真正肿瘤。,手术切除,无特定药品,术后定期随访
30,肺隐球菌病,肺隐球菌病为新型隐球菌感染引起的亚急性或慢性内脏真菌病，此菌属腐生酵母菌，不形成菌丝和孢子，广泛存在于自然界中。,抗真菌治疗,氟康唑、两性霉素B,注意肾功能监测
31,肺癌,肺癌发生于支气管粘膜上皮，亦称支气管癌。,手术、放化疗,无特定药品,早发现早治疗，定期筛查
32,镉中毒,镉中毒:金属镉微毒，硫化镉、硒磺酸镉属低毒，氧化镉、硫酸镉、氯化镉、硝酸镉等属中等毒性。,脱离接触、对症,依地酸钙钠,立即脱离，监测肾功能
33,感冒,感冒，总体上分为普通感冒和流行性感冒，在这里先讨论普通感冒。,对症治疗,布洛芬、对乙酰氨基酚,多休息、多饮水，避免滥用抗生素
34,感染性休克,感染性休克，亦称脓毒性休克，是指由微生物及其毒素等代谢产物所引起的脓毒性休克，感染灶中的微生物及其毒素、胞壁产物等侵入血循环，激活宿主的各种细胞和体液系统;产生炎性介质，作用于机体各种器官、系统，影响其灌注，导致组织细胞缺血缺氧、代谢紊乱、功能障碍，甚至多器官功能衰竭。,抗感染、液体复苏,去甲肾上腺素,需重症监护，紧急处理
35,过敏性休克,过敏性休克是由于一般对人体无害的特异性过敏源作用于过敏体质的病人，导致以急性周围循环灌注不足为主的全身性速发变态反应，是由于速发型抗原抗体反应中所释放的组织胺、血清素和其他的血管活性物质所引起的血管舒缩功能紊乱，血管壁渗透性增加、血浆外渗，血容量骤减，组织灌注不足而引起休克，同时常伴喉头水肿、气管痉挛、肺水肿等。,肾上腺素、抗组胺,肾上腺素、氯苯那敏,立即抢救，刻不容缓
36,Goodpasture综合征,Goodpasture综合征，又称抗基膜性肾小球肾炎，肺出血-肾炎综合征或Goodpasture病，可能系病毒感染和/或吸入某些化学性物质引起。,免疫抑制治疗,糖皮质激素、环磷酰胺,需专科治疗
37,过敏性肺炎,过敏性肺炎是一组由不同致敏原引起的非哮喘性变应性肺疾患，以弥漫性间质炎为其病理特征。,脱离过敏原,糖皮质激素,避免再次接触过敏原
38,汞中毒,汞为白色液态金属，常温下易蒸发，汞中毒以慢性为多见，主要发生在生产活动中，主要以蒸汽形式经呼吸道进入人体，胃肠道吸收汞甚微，一般不引起中毒。,驱汞治疗,二巯基丙磺酸钠,需医生监护，注意肾功能
39,呼吸道异物,呼吸道异物系指喉、气管和支气管异物，是耳鼻咽喉科急危症之一，直接威胁病人生命，特别是喉部或气管较大的异物，可以堵塞气道，产生急性窒息或突然死亡。,支气管镜取出,无特定药品,立即就医，紧急处理
40,呼吸性细支气管相关的间质性肺疾病,呼吸性细支气管相关的间质性肺疾病在20世纪80年代初被认识。,戒烟、对症,糖皮质激素,戒烟是根本
41,呼吸衰竭,呼吸衰竭是由各种原因导致严重呼吸功能障碍，肺通气和换气功能的严重障碍，以致不能进行有效的气体交换，导致缺氧伴二氧化碳潴留。,氧疗、机械通气,无特定药品,需重症监护
42,呼吸道合胞病毒肺炎,呼吸道合胞病毒肺炎简称合胞病毒肺炎，主要由呼吸道合胞病毒引起，病变主要累及毛细支气管，临床以骤发喘憋和阻塞性肺气肿为特征的下呼吸道感染性疾病，多见于2岁以内，尤其多见于6个月以内小婴儿。,对症支持,无特定药品,多见于婴幼儿，密切观察
43,减压病,减压症，俗称潜水夫病或沉箱病，是由于高压环境作业后减压不当，体内原已溶解的气体超过了过饱和界限，在血管内外及组织中形成气泡所致的全身性疾病。,高压氧治疗,无特定药品,立即高压氧治疗
44,急性呼吸衰竭,急性呼吸衰竭是指患者由于某种原因在短期内呼吸功能迅速失去代偿，出现严重缺氧和呼吸性酸中毒者。,机械通气,无特定药品,紧急处理，需重症监护
45,急性肺脓肿,急性肺脓肿是指由于多种病原菌引起的肺部化脓性感染，早期为肺组织的感染性炎症，继而坏死、液化、外周有肉芽组织包围形成脓肿。,抗生素治疗,克林霉素、甲硝唑,疗程要足
46,军团病,军团病是军团杆菌所引起的以肺炎为主的感染，又称为军团病。,抗生素治疗,阿奇霉素、左氧氟沙星,早期治疗效果好
47,急性呼吸窘迫综合征,急性呼吸窘迫综合征是由肺内原因和/或肺外原因引起的，以顽固性低氧血症为显著特征的临床综合征，因高病死率而倍受关注。,机械通气、支持,无特定药品,需重症监护
48,军团菌病,军团菌病是由军团菌引起的一种以肺炎为主要表现的全身性疾病。,抗生素治疗,阿奇霉素、左氧氟沙星,早期治疗效果好
49,结核性脓胸,结核性脓胸为胸膜腔结核杆菌感染，并产生脓性渗出液积聚所致。,抗结核治疗,异烟肼、利福平,联合用药，规律服药
50,金黄色葡萄球菌肺炎,金黄色葡萄球菌肺炎，简称金葡肺炎，是由金黄色葡萄球菌所致的急性化脓性肺炎。,抗生素治疗,万古霉素、利奈唑胺,根据药敏选药
51,咖啡因与氨茶碱中毒,咖啡因与氨茶碱同为黄嘌呤的衍化物，其药理作用相似，仅在作用强度上有所差异。,对症支持、停药,无特定药品,立即停用，监测心率
52,卡氏肺囊虫肺炎,卡氏肺囊虫肺炎，现称为卡氏肺孢子菌肺炎，又称间质性浆细胞肺炎，是一种少见的肺炎，主要发生于免疫低下的人群。,抗感染治疗,SMZ-TMP、喷他脒,免疫低下者需预防用药
53,咯血,咯血是指喉以下气管、支气管及肺实质出血，血液经咳嗽由口腔咯出的一种症状。,止血、对症,止血敏、氨甲环酸,查找病因，卧床休息
54,硫化氢中毒,"硫化氢是具有刺激性和窒息性的无色气体，具有""臭蛋样""气味，低浓度接触仅有呼吸道及眼的局部刺激作用，高浓度时全身作用较明显，表现为中枢神经系统症状和窒息症状，但极高浓度很快引起嗅觉疲劳而不觉其味。",脱离现场、氧疗,无特定药品,立即脱离，高压氧治疗
55,老年肺炎,老年肺炎常缺乏明显呼吸系症状，症状多不典型，病性进展快，易发生漏诊、错诊。,抗感染治疗,头孢类、喹诺酮类,注意肝肾功能，合理用药
56,流行性感冒,流行性感冒，简称流感是由流感病毒引起的急性呼吸道传染病，病原体为甲、乙、丙三型流行性感冒病毒，通过飞沫传播，临床上有急起高热、乏力，全身肌肉酸痛和轻度呼吸道症状，病程短，有自限性，中年人和伴有慢性呼吸道疾病或心脏病患者易并发肺炎，流感在流行病学上最显著特点为：突然爆发，迅速蔓延，波及面广，具有一定的季节性。,抗病毒、对症,奥司他韦、布洛芬,发病48小时内用药，多休息
57,免疫缺陷者肺炎,免疫缺陷者肺炎是指由于患者自身免疫系统缺陷而引起的肺炎。,抗感染、免疫支持,根据病原体选择,积极治疗原发病，预防感染
58,镍中毒,镍中毒主要系吸入镍及其盐类的粉尘引起，临床表现为呼吸系统刺激症状及皮肤损害。,脱离接触、对症,无特定药品,立即脱离，监测呼吸系统
59,铍中毒,铍是银灰色轻金属，铍及其盐类化合物均有较大毒性。,脱离接触、对症,糖皮质激素,立即脱离，长期随访
60,缺血缺氧性脑病,缺氧缺血性脑病是由于各种围生期因素引起的脑缺氧或缺血而形成的常见的脑损伤，主要表现为意识状态及肌张力变化。,脑保护治疗,神经节苷脂、胞磷胆碱,早期干预，康复治疗
61,气胸,气胸是指气体进入胸膜腔，造成积气状态，称为气胸。,胸腔闭式引流,无特定药品,需住院治疗，避免剧烈运动
62,球孢子菌病,球孢子菌病，亦称圣华金热或溪谷热。,抗真菌治疗,氟康唑、两性霉素B,注意肝功能监测
63,禽流感,禽流感全称禽类流行性感冒病毒感染，由禽流感病毒所引起的一种主要流行于鸡群中的烈性传染病。,抗病毒治疗,奥司他韦、帕拉米韦,隔离治疗，密切监测
64,迁延性肺嗜酸粒细胞浸润症,迁延性肺嗜酸粒细胞浸润症又称慢性嗜酸粒细胞性肺炎，发病年龄多为20～50岁。,糖皮质激素,泼尼松,足量足疗程，逐渐减量
65,气管肿瘤,气管肿瘤有良性肿瘤和恶性肿瘤两大类，气管原发肿瘤罕见，上呼吸道原发恶性肿瘤大约占所有恶性肿瘤的1%，而不同部位的发病率并不一致：声门上发病率为1.3/10万，声门处为2.3/10万，但声门下及气管者仅为0.04/10万。,手术切除,无特定药品,早期手术，定期随访
66,气管先天性疾病,气管先天性疾病是指先天性气管分叉起源异常、走向异常，或者伴有狭窄等。,手术治疗,无特定药品,早诊断早治疗
67,气管、支气管狭窄,气管支气管狭窄是气道梗阻引致气急和呼吸困难，体力活动和呼吸道内分泌物增多时加重，常有喘鸣。,介入治疗,无特定药品,根据狭窄程度选择治疗方案
68,乳酸性酸中毒,乳酸性酸中毒是一种较少见而严重的糖尿病急性并发症，乳酸是糖中间代谢产物，当缺氧或丙酮酸未及氧化时即还原为乳酸，各种原因引起血乳酸水平升高而导致的酸中毒称为乳酸性酸中毒，常见原因有缺氧，药物应用，系统性疾病，先天性代谢异常等。,纠正酸中毒、支持,碳酸氢钠,积极治疗原发病，监测血气
69,热带性肺嗜酸粒细胞浸润症,热带性肺嗜酸粒细胞浸润症，或称热带性嗜酸粒细胞增多症，又称Weingarten综合征，主要与丝虫感染有关，男性多于女性，多见于青壮年。,抗寄生虫治疗,乙胺嗪,疗程要足
70,手术后和创伤后肺炎,手术后和创伤后肺炎，在临床上又称为创伤后肺炎。,抗感染治疗,头孢类、喹诺酮类,加强护理，早期活动
71,鼾症,鼾症，又称打鼾、打呼噜、睡眠呼吸暂停综合症，是一种普遍存在的睡眠现象，是在睡觉时由于呼吸受阻舌与软腭颤动而产生的粗重的声音。,生活方式干预,无特定药品,减肥、侧卧睡眠
72,特发性肺纤维化,特发性肺纤维化是一种慢性、进行性、纤维化性间质性肺疾病，病变局限在肺脏，好发于中老年人群，其肺组织学和/或胸部高分辨率CT特征性表现为普通型间质性肺炎，病因不清。,抗纤维化治疗,吡非尼酮、尼达尼布,定期随访，监测肺功能
73,脱屑性间质性肺炎,脱屑性间质性肺炎是间质性肺炎一种类型，以肺泡腔弥漫分布巨噬细胞浸润为特征。,糖皮质激素,泼尼松,戒烟，定期复查
74,特发性阻塞性细支气管炎伴机化性肺炎,阻塞性细支气管炎伴机化性肺炎是Ep1er等于1985年首先提出的慢性间质性肺病中的一个新病种，主要表现为闭塞性细支气管炎、机化性肺炎和间质性肺炎与纤维化，其细支气管病变不像单纯经典的闭塞性细支气管炎那样广泛，机化性肺炎所占比重较大，区别于感染性肺炎后的机化性病变，而间质性病变则主要为肺泡壁炎症，虽然也有轻至中度纤维化，但不出现蜂窝肺，对类固醇激素治疗反应甚佳，故与IPF又有明显不同，可继发于其他病理过程，包括隐球菌病，Wegener肉芽肿，淋巴瘤，过敏性肺炎和嗜酸性细胞性肺炎。,糖皮质激素,泼尼松,足量疗程，逐渐减量
75,特发性含铁血黄素沉着症,特发性含铁血黄素沉着症,糖皮质激素,泼尼松,定期随访，监测肺功能
,,,#N/A,#N/A,#N/A
,"是一种病因未明的反复引起弥漫的肺泡出血的一种少见疾病。""",,#N/A,#N/A,#N/A
76,外源性过敏性肺泡炎,外源性过敏性肺泡炎是反复吸入某些具有抗原性的有机粉尘所引起的过敏性肺泡炎，常同时累及终末细支气管。,脱离过敏原,糖皮质激素,避免再次接触，及时治疗
77,小儿结核病,结核病是由结核杆菌引起的慢性传染病，全身各个器官都可累及，但以肺结核病为最多见。,抗结核治疗,异烟肼、利福平,联合用药，规律服药，注意肝功能
78,新生儿呼吸窘迫综合征,新生儿呼吸窘迫综合征，也称为肺透明膜病，系指出生后不久即出现进行性呼吸困难、青紫、呼气性呻吟、吸气性三凹征和呼吸衰竭。,肺表面活性物质,肺表面活性物质制剂,需新生儿重症监护
79,吸入性损伤,吸入性损伤是指吸入有毒烟雾或化学物质对呼吸道所致的化学性损伤，严重者可直接损伤肺实质。,呼吸道管理,无特定药品,保持气道通畅，预防感染
80,小儿金黄色葡萄球菌肺炎,小儿金黄色葡萄球菌肺炎是由金黄色葡萄球菌所致的肺炎，由于小儿尤其是新生儿免疫功能不全，所以多见于幼婴儿及新生儿，年长儿也可发生，是由呼吸道入侵或血行播散人肺。,抗生素治疗,万古霉素、利奈唑胺,根据药敏选药，注意肾功能
81,小儿急性支气管炎,急性支气管炎是由于各种病原引起的支气管粘膜炎症所致。,对症治疗,氨溴索、沙丁胺醇,多饮水，保持空气湿润
82,小儿流行性感冒,流行性感冒病是流感病毒引起的急性呼吸道感染，也是一种传染性极强、传播速度快的疾病，常呈地方性流行。,抗病毒、对症,奥司他韦,早期用药，多休息
83,小儿急性喉炎,小儿急性喉炎常见于6个月-3岁的婴幼儿，由于小儿喉部的解剖特点，喉腔狭小，喉软骨柔软，会厌软骨舌面、杓状软骨、杓状会厌襞，室带和声门下区粘膜下组织松弛，粘膜淋巴管丰富，发炎后易肿胀发生喉阻塞，小儿咳嗽功能不强，不易排出喉部及下呼吸道分泌物，更使呼吸困难加重，因此，小儿急性喉炎的病情常比成人严重，若不及时诊治，可危及生命。,糖皮质激素,地塞米松、布地奈德,保持呼吸道通畅，及时就医
84,矽肺,矽肺又称硅肺，是尘肺中最为常见的一种类型，是由于长期吸入大量含有游离二氧化硅粉尘所引起，以肺部广泛的结节性纤维化为主的疾病。,对症支持,无特定药品,脱离粉尘环境，定期复查
85,新生儿窒息,新生儿窒息是指由于产前、产时或产后的各种病因，使胎儿缺氧而发生宫内窘迫或娩出过程中发生呼吸、循环障碍，导致生后1min内无自主呼吸或未能建立规律呼吸，以低氧血症、高碳酸血症和酸中毒为主要病理生理改变的疾病。,复苏抢救,无特定药品,需专业抢救，密切监测
86,小儿支原体肺炎,支原体肺炎旧称原发性非典型肺炎，冷凝集阳性肺炎，是由支原体感染引起的。,大环内酯类,阿奇霉素、红霉素,疗程要足
87,新生儿肺不张,严格说肺不张应指出生后肺从未充盈过气体，而已经充气的肺组织失去原有的气体应称作肺萎陷。,呼吸支持,无特定药品,加强护理，及时吸痰
88,小儿感冒,小儿感冒，也叫急性上呼吸道感染，是小儿最常见的疾病，主要侵犯鼻、鼻咽和咽部，常诊断为鼻炎，鼻咽炎、急性咽炎、急性扁桃体炎等，也可统称为上呼吸道感染，简称“上感”。,对症治疗,布洛芬、对乙酰氨基酚,多休息，多饮水
89,哮喘,支气管哮喘,吸入激素、支气管扩张剂,布地奈德、沙丁胺醇,避免过敏原，规律用药
90,小儿哮喘,支气管哮喘，简称哮喘，是一种表现为反复发作性咳嗽，喘鸣和呼吸困难，并伴有气道高反应性的可逆性、梗阻性呼吸道疾病。,吸入激素、支气管扩张剂,布地奈德、沙丁胺醇,儿童需减量，定期评估
91,小儿肺炎,小儿肺炎是临床常见病，四季均易发生，以冬春季为多。,抗感染治疗,阿莫西林、头孢类,儿童用药需减量
92,新生儿呼吸暂停,新生儿呼吸暂停的定义是呼吸道气流停止≥20s，伴或不伴心率减慢或<15s，伴有心率减慢。,呼吸支持,无特定药品,需新生儿重症监护
93,先天性肺囊肿,先天性肺囊肿是一种肺部先天性发育异常，病变肺组织出现单个或多个囊肿，可累及一个或数个肺叶。,手术切除,无特定药品,早期手术
94,休克型肺炎,休克型肺炎是指伴有休克的一种重症肺炎，多由毒力极强的革兰阳性或阴性细菌感染所致，病情严重，进展迅速。,抗感染、抗休克,抗生素、多巴胺,需重症监护，紧急处理
95,吸入性肺炎,吸入性肺炎 ,抗感染、支持,阿莫西林、头孢类,保持呼吸道通畅
"是指吸入酸性物质、食物、胃内容物或其他刺激性液体后，引起的化学性肺炎。""",,,#N/A,#N/A,#N/A
96,腺病毒肺炎,腺病毒肺炎是指多由3型和7型腺病毒感染发生的肺部炎症，并多发于6个月～2岁小儿。,抗病毒、对症,无特定药品,密切观察，对症支持
97,哮喘性肺嗜酸粒细胞浸润症,哮喘性肺嗜酸粒细胞浸润症又称哮喘性嗜酸粒细胞增多症，也称支气管中央型肉芽肿病，或称支气管肺曲菌病。,糖皮质激素,泼尼松,避免过敏原
98,细菌性肺炎,细菌性肺炎占成人各类病原体肺炎的80%，进入抗生素时代以来，细菌性肺炎的预后一度显著改善，但自60年代以后病死率居高不降，目前细菌性肺炎出现一些新特点，包括病原谱变迁，特别是医院内肺炎G-杆菌比率显著上升，肺炎链球菌虽然在社区获得性肺炎病原体中仍占主导地位，但临床表现多趋于不典型。,抗感染治疗,阿莫西林、头孢类,根据病原体选药
99,新生儿湿肺,新生儿湿肺又称为暂时性呼吸增快或暂时性呼吸困难。,对症支持,无特定药品,多数可自愈
100,胸壁结核,胸壁结核是继发于肺或胸膜结核感染的肋骨、胸骨、胸壁软组织结核病变，是一种常见的胸壁疾病。,抗结核治疗,异烟肼、利福平,联合用药，规律服药
101,乙醚中毒,乙醚急性中毒大多由于麻醉时用量过大，浓度过高或滴入过快引起，偶因误饮而致。,脱离接触、对症支持,无特定药品,立即脱离，保持呼吸道通畅
102,淹溺,淹溺也称为溺水，是指人淹没或沉浸在液性介质中并导致呼吸损害的过程，由于无法呼吸，引起机体缺氧和二氧化碳潴留，也可因反射性喉，气管、支气管痉挛和水中污泥、杂草堵塞呼吸道而发生窒息。,心肺复苏、氧疗,无特定药品,紧急抢救，注意肺部感染
103,衣原体肺炎,衣原体肺炎是由肺炎衣原体引起的急性肺部炎症，常累及上、下呼吸道，引起咽炎、扁桃体炎、喉炎、气管-支气管炎。,抗感染治疗,阿奇霉素、多西环素,疗程要足
104,羊水与胎粪吸入综合征,羊水与胎粪吸入综合征是指胎儿在宫内或娩出过程中吸入被胎粪污染的羊水，发生气道阻塞、肺内炎症和一系列全身症状，严重者发展成呼吸衰竭或死亡。,呼吸支持,无特定药品,需新生儿重症监护
105,一氧化碳中毒,一氧化碳中毒是含碳物质燃烧不完全时的产物经呼吸道吸入引起中毒。,高压氧治疗,无特定药品,立即脱离，高压氧治疗
106,阻塞性肺气肿,阻塞性肺气肿可分为局限性阻塞性肺气肿和弥漫性阻塞性肺气肿，现一般指慢性阻塞性肺疾病，是一种呼吸系统的病理改变。,支气管扩张剂,沙丁胺醇、异丙托溴铵,戒烟，避免感染
107,支原体肺炎,支原体肺炎是由肺炎支原体引起的呼吸道和肺部的急性炎症，曾称原发性非典型性肺炎，常伴有咽炎、支气管炎和肺炎。,大环内酯类,阿奇霉素、红霉素,疗程要足
108,支气管扩张,支气管扩张是指细支气管不可逆性异常扩张。,抗感染、排痰,氨溴索、头孢类,注意排痰，预防感染
109,支气管肺炎,支气管肺炎又称小叶肺炎，是小儿的一种主要常见病，尤多见于婴幼儿，也是婴儿时期主要死亡原因。,抗感染治疗,阿莫西林、头孢类,儿童多见，及时治疗
110,变应性血管炎,变应性血管炎是比较常见的一种疾病，其组织病理有白细胞核破碎的血管炎表现，有皮肤损伤，也有多个 内脏损伤，本病有许多名称，为了防止混乱，Ruiter认为本病称为变应性血管炎比较合适，本名称体现了由变态反应引起血管的炎性改变。,糖皮质激素,泼尼松,避免过敏原
111,病毒性心肌炎,病毒性心肌炎是指病毒感染引起的心肌局限性或弥漫性的急性或慢性炎症病变，属于感染性心肌疾病。,抗病毒、支持,无特定药品,卧床休息，避免劳累
112,病态窦房结综合征,病态窦房结综合征简称病窦综合征或病窦，病态窦房结综合征是由于窦房结或其周围组织的器质性病变，导致窦房结冲动形成障碍，或窦房结至心房冲动传导障碍所致的多种心律失常和多种症状的综合病症，主要以窦性心动过缓、窦房传导阻滞、窦性停搏为主，当合并快速性心律失常反复发作时称为心动过缓一心动过速综合症。,起搏器治疗,无特定药品,严重者需安装起搏器
113,川崎病,川崎病，于1967年，由日本川崎富作首先报告，曾称为皮肤黏膜淋巴结综合症，世界各国均有发生，以亚裔人群发病率最高，四季均可发病，发病年龄于婴幼儿多见。,免疫球蛋白、阿司匹林,丙种球蛋白、阿司匹林,早期治疗，预防冠脉损害
114,穿透性心脏外伤,穿透性心脏外伤是由一类强力，高速、锐利的异物穿透胸壁或它处进入心脏所致，少数因胸骨或肋骨骨折断端猛烈移位穿刺心脏引起，心脏穿透伤均有心包破损，有时心脏伤口有多处，这在刺入伤和枪弹伤中尤为多见。,紧急手术,无特定药品,立即就医，急诊手术
115,窦性停搏,窦性停搏又称窦性静止，窦性间歇、窦性暂停等，是指窦房结在一定时间内停止发放激动。,起搏器治疗,无特定药品,严重者需安装起搏器
116,单心室,单心室或称总心室或单室心，是一种较少见的先天性畸形，定义为两个心房通过两侧房室瓣或共同房室瓣仅达单一心室。,手术治疗,无特定药品,需心脏外科评估
117,单心房,单心房是一种罕见的先天性心脏病，系胚胎发育期房间隔的第1隔和第2隔均未发育所致。,手术治疗,无特定药品,需心脏外科评估
118,单纯性下肢静脉曲张,单纯性下肢静脉曲张指病变范围仅在下肢浅静脉，因其瓣膜功能不全、静脉壁薄弱，影响血液回流，引起静脉延长、弯曲、扩张，大多发生在大隐静脉，少数合并小隐静脉曲张或单独发生在大隐静脉或小隐静脉。,弹力袜、手术,无特定药品,避免久站，适当活动
119,动脉硬化,动脉硬化是动脉的一种非炎症性内膜增生性病变，是动脉管壁增厚、变硬，失去弹性和管腔狭小的退行性和增生性病变的总称，常见的有：全身的动脉及其分支的甚至内脏器官的动脉粥样硬化、动脉中层钙化、小动脉硬化3种。,调脂、抗血小板,阿托伐他汀、阿司匹林,控制血压、血脂、血糖
120,动脉导管未闭,动脉导管未闭是先天性心脏病常见类型之一，占先心病总数15%，居先天性心脏病的第二位，母孕期初3个月多有风疹病毒感染史。,手术或介入封堵,无特定药品,早期治疗
121,窦性心动过速,窦性心动过速是指成人窦房结冲动形成的速率超过每分钟100次，速率常在每分钟101-160次之间。,病因治疗,美托洛尔,寻找并治疗原发病
122,动脉瘤,分为真性，假性和夹层动脉瘤，多为动脉硬化或创伤所致，梅毒性少见，可发生在颈动脉、锁骨下动脉、腋动脉，肱动脉、桡动脉、髂动脉，股动脉和NF动脉等部位，以股动脉和NF动脉为好发部位。,手术或介入治疗,无特定药品,控制血压，定期随访
123,二尖瓣关闭不全,由于二尖瓣在解剖结构和功能上的异常，造成左心室收缩时左心室内血液部分返流到左心房即称为二尖瓣关闭不全。,手术治疗,无特定药品,定期随访，评估心功能
124,二尖瓣狭窄,二尖瓣狭窄是由于不同原因引起二尖瓣开放功能受限，血液从左心房到左心室血流受阻。,手术治疗,无特定药品,定期随访，预防感染
125,二尖瓣脱垂综合征,二尖瓣脱垂综合征又称为Barlow's综合征，收缩中期喀喇音—收缩晚期杂音综合征，气球样二尖瓣综合征，瓣膜松弛综合征等。,对症治疗,美托洛尔,定期随访
126,二尖瓣环钙化,二尖瓣环钙化 是二尖瓣纤维支持结构的一种慢性纤维性，非炎症性、退行性病变,对症治疗,无特定药品,定期随访
127,肺性脑病,肺性脑病又称肺心脑综合征、肺气肿脑病。,纠正呼吸衰竭,无特定药品,积极治疗原发病
128,风湿性二尖瓣狭窄,风湿性二尖瓣狭窄是风湿性心脏瓣膜病最常见的病变类型，是急性风湿热侵犯心脏后所遗留的慢性心脏病变。,手术治疗,无特定药品,定期随访，预防风湿活动
129,风湿性二尖瓣关闭不全,风湿性二尖瓣关闭不全是风湿热侵犯二尖瓣，最多见的病变是瓣叶和腱索增厚、挛缩、瓣膜面积缩小、瓣叶活动度受限制以及二尖瓣瓣环扩大等最多见的病变，风湿性二尖瓣关闭不全较为多见，半数以上病例合并狭窄。,手术治疗,无特定药品,定期随访，预防风湿活动
130,肥厚型梗阻性心肌病,肥厚型梗阻性心肌病曾被称为主动脉瓣下肌性梗阻。,药物治疗、手术,美托洛尔、维拉帕米,避免剧烈运动
131,房室管畸形,房室管畸形又叫房室管缺损，，包括从简单的ASD生理学状态到复杂的单心室生理学状态的一系列广泛畸形。,手术治疗,无特定药品,需心脏外科评估
132,法洛四联症,法洛四联症是常见的先天性心脏病，在紫绀型先天性心脏病中居首位。,手术治疗,无特定药品,需心脏外科评估
133,风湿热,风湿热是一种常见的反复发作的急性或慢性身性结缔组织炎症，主要累及心脏、关节、中枢神经系统，皮肤和皮下组织。,抗感染、抗风湿,青霉素、阿司匹林,预防链球菌感染
134,肺动脉口狭窄,肺动脉口狭窄指右心室漏斗部，肺动脉瓣或肺动脉总干及其分支等处的狭窄，它可单独存在或作为其他心、脏畸形的组成部分如法乐四联症等，其发病率约占先天性心脏病的10%左右，肺动脉口狭窄以肺动脉瓣狭窄最为常见，约占90%，其次为漏斗部狭窄，脉动脉干及其分支狭窄则很少见。,介入或手术治疗,无特定药品,定期随访
135,肥厚型心肌病,肥厚型心肌病是一种以心肌进行性肥厚、心室腔进行性缩小为特征，典型者在左心室，以室间隔为甚，偶而可呈同心性肥厚为特征的一种心肌病。,药物治疗,美托洛尔、维拉帕米,避免剧烈运动
136,房室传导阻滞,房室传导阻滞是指冲动在房室传导过程中受到阻滞。,起搏器治疗,无特定药品,严重者需安装起搏器
137,肺动静脉瘘,肺动静脉瘘为先天性肺血管畸形。,介入治疗,无特定药品,定期随访
138,高血压危象,高血压危象指在高血压过程中由于周围血管阻力的突然上升，血压明显升高，出现头痛，烦躁，眩晕，恶心，呕吐，心悸，气急及视力模糊等症状，伴靶器官病变者可出现心绞痛，肺水肿和高血压脑病。,紧急降压,硝普钠、硝酸甘油,紧急处理，监测血压
139,高血压,高血压是以体循环动脉压增高为主要表现的临床综合征，是最常见的心血管疾病，长期高血压，还是多种心血管疾病的重要危险因素，并影响重要器官如心，脑，肾的功能，最终导致这些器官的功能衰竭，可分为原发性及继发性两大类，在大多数患者中，高血压的病因不明，称之为原发性高血压，占总高血压患者95%以上，在不足5%的患者中，血压升高是某些疾病的一种临床表现，本身有明确而独立的疾病，称为继发性高血压。,降压治疗,氨氯地平、缬沙坦,终身服药，定期监测
140,冠状动脉终止异常,冠状动脉终止异常或冠状动脉瘘包括左，右冠状动脉的主支或分支直接通入心腔、冠状静脉窦、肺动脉，肺静脉、上腔静脉或支气管血管。,手术治疗,无特定药品,需心脏外科评估
141,冠状动脉异位起源,冠状动脉异位起源常见的是起源于肺动脉和主动脉，起源于颈总动脉和无名动脉者极为罕见，且常伴有严重心脏畸形。,手术治疗,无特定药品,需心脏外科评估
142,感染性心内膜炎,感染性心内膜炎，指心脏内膜表面的微生物感染，件赘生物形成，根据病程分为急性和亚急性，急性感染性心内膜炎，致命菌主要是金黄色葡萄球菌，亚急性感染性心内膜炎病原体以草绿色链球菌多见，其次为肠球菌。,抗感染治疗,青霉素、万古霉素,疗程需4-6周
143,冠心病,冠状动脉粥样硬化性心脏病是指冠状动脉粥样硬化使血管狭窄或阻塞，导致心肌缺血缺氧或者坏死，称为冠心病，冠心病的范围可能更广泛，还包括冠脉炎症，栓塞，痉挛等因素导致管腔狭窄或者闭塞，临床中，常分为稳定性冠心病和急性冠状动脉综合征。,抗血小板、调脂,阿司匹林、阿托伐他汀,定期复查，控制危险因素
144,后天性三尖瓣关闭不全,后天性三尖瓣关闭不全分为相对性和器质性两种类型，相对性者，瓣膜本身并无病变，是由于右心室肥大，房室环相应扩张，引起三尖瓣瓣叶对合不良，造成关闭不全，重度风湿性心脏病二尖瓣狭窄或关闭不全的病人常伴有相对性三尖瓣关闭不全。,对症治疗,利尿剂,治疗原发病
145,后天性动静脉瘘,动脉和静脉之间存在异常通道，称为动静脉瘘。,手术或介入治疗,无特定药品,定期随访
146,间歇性眼球突出症,间歇性眼球突出症多为单侧性，左眼发病率高于右眼，男性病人多见。,手术治疗,无特定药品,需眼科评估
147,急性心肌梗死,急性心肌梗死是指因持久而严重的心肌缺血所致的部分心肌急性坏死。,急诊PCI或溶栓,阿司匹林、替格瑞洛,立即就医，争分夺秒
148,酒精性心肌病,长期大量饮酒，可导致心肌病变，呈现酷似扩张型心肌病的表现，称为酒精性心肌病，1995年世界卫生组织及国际心脏病学会联合会工作组专家委员会关于心肌病定义和分类的报告中，将酒精性心肌病列为特异性心肌病中的过敏性和中毒反应所致的心肌病，戒酒后病情可自行缓解或痊愈。,戒酒、对症,无特定药品,必须戒酒
149,急性心功能不全,心功能不全是指由心肌梗死、心肌病、血流动力学负荷过重、炎症等各种原因引起心肌结构和功能的变化，导致心室泵血或充盈功能低下，心排血量不能满足机体的需要，组织、器官血液灌注不足，并出现肺循环和体循环淤血的一种病生理状态。,利尿、强心,呋塞米、多巴胺,紧急处理，需住院
150,急性感染性心内膜炎,急性感染性心内膜炎多为全身严重感染的一部分，致病微生物毒性强，多累及正常心脏瓣膜，主要有金黄色葡萄球菌引起，少数有肺炎球菌，淋球菌，A族链球菌，流感杆菌等所致，临床上较亚急性感染性心内膜炎少见，主要临床特征为中毒症状明显，病程进展迅速，数天至数周内引起瓣膜破坏，易出现杂音强度和性质的变化，或出现新的杂音，瓣膜损害所致新的和增强的杂音主要为关闭不全的杂音，尤以主动脉瓣关闭不全多见，可诱发急性左心衰，此外，感染迁移多见，易出现迁移性心肌脓肿，由于本病全身感染症状严重，可掩盖急性感染性心内膜炎的临床表现。,抗感染治疗,青霉素、万古霉素,疗程需4-6周
151,急性心包炎,急性心包炎是心包脏层和壁层的急性炎症，可由细菌、病毒、肿瘤、自身免疫、物理、化学等因素引起。,抗炎、对症,布洛芬、秋水仙碱,寻找病因，定期随访
152,急性心力衰竭,急性心力衰竭又叫急性心功能不全，是指急性发作或加重的左心功能异常所致的心肌收缩力降低、心脏负荷加重，造成急性心排血量骤降、肺循环压力升高、周围循环阻力增加，引起肺循环充血而出现急性肺淤血、肺水肿并可伴组织、器官灌注不足和心源性休克的临床综合征，以左心衰竭最为常见。,利尿、强心,呋塞米、多巴胺,紧急处理，需住院
153,甲亢,甲状腺功能亢进症，是由多种原因引起的甲状腺功能亢进和血循环中甲状腺激素水平增高所致的一组常见的内分泌病，临床上以高代谢征群、甲状腺肿大，突眼症、神经及心血管系统功能紊乱为特征，病理上甲状腺可呈弥漫性，结节性或混合性肿大等表现。,抗甲状腺药物,甲巯咪唑、丙硫氧嘧啶,定期监测血常规、肝功能
154,扩张型心肌病,扩张型心肌病是原发性心肌病常见的类型，其特点是以左心室或右心室有明显扩大，且均伴有不同程度的心肌肥厚，心室收缩功能减退，以心脏扩大、心力衰竭，心律失常，栓塞为基本特征。,抗心衰治疗,ACEI、β受体阻滞剂,定期随访，监测心功能
155,克山病,克山病是一种原因未明的以心肌病变为主的疾病，亦称地方性心肌病。,对症支持,无特定药品,补充硒元素
156,雷诺病,雷诺综合征是指肢端动脉阵发性痉挛。,扩血管治疗,硝苯地平,保暖，避免情绪激动
157,慢性肺源性心脏病,慢性肺源性心脏病，是指由支气管肺-组织，胸廓或肺血管的慢性病变，致肺血管阻力增加，产生肺动脉高压，继而右心室结构或功能改变的心脏病，并排除先天性心脏病和左心病变引起者。,氧疗、抗感染,无特定药品,积极治疗原发病
158,缺血性心肌病,缺血性心肌病属于冠心病的一种特殊类型或晚期阶段,抗心衰、抗血小板,阿司匹林、他汀类,控制危险因素
"ICM对人类健康所造成的危害也日渐严重。""",,,#N/A,#N/A,#N/A
159,四肢血栓性浅静脉炎,血栓性浅静脉炎是位于人体体表可视静脉发生血栓性炎症，临床表现为沿浅静脉走行部位，红、肿，热、痛，有条索状物或硬结节，触痛明显，是临床上常见疾病。,抗凝、抗炎,阿司匹林、华法林,定期监测凝血功能
160,三尖瓣下移畸形,三尖瓣下移畸形是一种罕见的先天性心脏畸形，1866年Ebstein首先报道一例，故亦称为Ebstein畸形。,手术治疗,无特定药品,需心脏外科评估
161,三尖瓣狭窄,三尖瓣狭窄是由于各种病因引起三尖瓣口狭窄、瓣叶开放受限及开放面积变小，使血流通过受阻的一类心脏瓣膜疾病。,手术治疗,无特定药品,定期随访
162,三尖瓣关闭不全,三尖瓣关闭不全 三尖瓣关闭不全即在右心室收缩时，因各种原因导致三尖瓣瓣叶无法正常闭合，血液由右心室反流至右心房的现象。,对症治疗,利尿剂,治疗原发病
163,三尖瓣闭锁,三尖瓣闭锁是一种发绀型先天性心脏病，发病率占先天性心脏病的1%～5%。,手术治疗,无特定药品,需心脏外科评估
164,三房心,三房心是由于胚胎发育障碍，左房或右房被纤维肌隔分成二部分的先天性心血管畸形。,手术治疗,无特定药品,需心脏外科评估
165,颈动脉体瘤,颈动脉体瘤是一种少见的化学感受器肿瘤，又称为副神经节瘤。,手术切除,无特定药品,术后定期随访
166,完全性肺静脉异位回流,完全性肺静脉异位回流是指全部肺静脉不进入左心房，四根肺静脉分别或总汇成一支后，经垂直经脉进入右心房或经垂直静脉进入体循环的静脉系统。,手术治疗,无特定药品,需心脏外科评估
167,完全性大动脉错位,完全性大动脉错位的涵义是主动脉和肺动脉两根大动脉位置起源异常，主动脉发自解剖右心室，接受来自解剖右心室的体循环静脉血，而肺动脉发自解剖左心室，接受来自左心室的肺静脉氧合血液，因而形成两个隔绝的循环系统，即右心房→右心室→主动脉→全身→体静脉→右心房，为一个循环;左心房→左心室→肺动脉→肺→肺静脉→左心房，为另一个循环系统。,手术治疗,无特定药品,需心脏外科评估
168,休克,休克是一种急性组织灌注量不足而引起的临床综合征，是临床各科严重疾病中常见的并发症。,抗休克治疗,多巴胺、去甲肾上腺素,紧急处理，寻找病因
169,新生儿缺氧缺血性脑病,新生儿缺氧缺血性脑病是指由于围生期缺氧窒息导致的脑缺氧缺血性损害，包括特征性的神经病理及神经病理生理过程，并在临床上出现一系列脑病的表现，部分患儿可留有不同程度的神经系统后遗症。,脑保护治疗,无特定药品,早期干预，康复治疗
170,新生儿硬肿症,新生儿硬肿症，亦称新生儿皮脂硬化症，大部分由寒冷引起，故又称寒冷损伤综合征，但也可因其他因素如感染而在夏季发病，故又有称为感染硬肿症或夏季硬肿症。,复温、支持,无特定药品,缓慢复温，预防感染
171,血管瘤,血管瘤是婴幼儿最常见的先天性良性肿瘤，黄种人发病率高达1%，具有快速增生和自发消退的独特病程特点。,观察或治疗,普萘洛尔,部分可自行消退
172,先天性风疹,先天性风疹或先天性风疹综合症是指孕妇在妊娠早期若患风疹，风疹病毒可以通过胎盘感染胎儿，所生的新生儿可为未成熟儿，可患先天性心脏畸形、白内障、耳聋、发育障碍等孕妇妊娠第1个月时一旦感染风疹，胎儿先天性风疹综合征发生率可高达50%，第2个月30%，第3个月20%，第4个月5%，并认为妊娠4个月后感染了风疹时对胎儿也不是完全没有危险的。,对症支持,无特定药品,预防为主
173,血栓闭塞性脉管炎,血栓闭塞性脉管炎简称脉管炎。,扩血管、戒烟,无特定药品,必须戒烟
174,胸降主动脉动脉瘤,胸降主动脉动脉瘤是胸主动脉动脉瘤中最常见的类型，发生在近段降主动脉，位于左锁骨下动脉的远侧，病变的主动脉多呈梭状扩大，长度不一，有时可涉及降主动脉全长甚或延伸入腹主动脉近段。,手术或介入治疗,无特定药品,控制血压，定期随访
175,胸主动脉夹层动脉瘤,主动脉夹层是由于主动脉内膜和部分中层出现破裂口，使主动脉中层发生撕裂，血液在撕裂层内流动，原有的主动脉腔称为真腔。,紧急手术,无特定药品,立即就医，控制血压
176,心脏神经官能症,心脏神经官能症是神经官能症的一种特殊类型,心理疏导,无特定药品,放松心情，避免焦虑
177,心内膜弹性纤维增生症,心内膜弹力纤维增生症又名心内膜硬化症，其病因尚未明了，主要病理改变为心内膜下弹力纤维及胶原千维增生，心脏扩大，心室壁和心内膜增厚，心室收缩和张功能下降，多于一岁内发病，原发性心内膜弹力纤维增生症没有明显的瓣膜损害和其他先天性心脏病，而继发性心内膜弹力纤维增生症有左心梗阻型先天性心脏病，比如严重主动脉缩窄，左心发育不良综合征，主动脉瓣闭锁或狭窄，主要临床表现为充血性心力衰竭，如不治疗，大多与两岁前死亡，原发性心内膜弹力纤维增生症，如果能长期坚持治疗，愈后良好，且有痊愈的可能。,抗心衰治疗,地高辛、利尿剂,定期随访
178,心绞痛,心绞痛是指由于冠状动脉粥样硬化狭窄导致冠状动脉供血不足，心肌暂时缺血与缺氧所引起的以心前区疼痛为主要临床表现的一组综合征。,抗心绞痛治疗,硝酸甘油、美托洛尔,避免诱因，随身带药
179,心肌梗塞并发心室间隔穿破,心肌梗塞并发心室间隔穿破是急性心肌梗塞后的严重并发症之一，在急性心肌梗塞引致的心脏穿破中位于心室间隔者约占10%。,紧急手术,无特定药品,需立即手术治疗
180,心肌梗塞并发二尖瓣关闭不全,心肌梗塞并发二尖瓣关闭不全是心肌梗死的并发症之一，故心肌梗死是本病的惟一病因。,手术治疗,无特定药品,需心脏外科评估
181,心肌梗死,心肌梗死又叫心肌梗塞，心肌梗塞是冠状动脉闭塞，血流中断，使部分心肌因严重的持久性缺血而发生局部坏死。,急诊PCI或溶栓,阿司匹林、替格瑞洛,立即就医，争分夺秒
182,心功能障碍,心功能障碍常与休克，应激、电解质紊乱及侵袭性感染相关，常见的有心律失常，心力衰竭、心肌梗塞、心肌炎等，心律失常有窦性心动过速、阵发性室上性心动过速、室性心动过速，窦性心动过缓、心房纤颤等，其中心窦心动过速最常见。,病因治疗,无特定药品,积极治疗原发病
183,心包囊肿,心包囊肿是指发生于心包的一种先天性纵隔囊肿，亦称为间皮囊肿、心包旁囊肿、胸膜心包囊肿纵隔水囊肿或纵隔单纯性囊肿等。,手术切除,无特定药品,定期随访
184,小儿高血压,小儿血压正常值因年龄不同而异，正常儿童的血压计数是，收缩压等于年龄x2+80mmHg，舒张压是收缩压的三分之二。,降压治疗,氨氯地平、依那普利,寻找病因，定期监测
185,小儿充血性心力衰竭,小儿充血性心力衰竭是由于心功能受损，虽然发挥代偿能力后，心输出量仍不能满足静息或活动情况下全身组织代谢需要，因而体内有关部位发生血液瘀积，产生一系列的临床症状和体征，是常见的临床综合症。,抗心衰治疗,地高辛、利尿剂,需专科治疗
186,心肌梗塞并发左心室室壁瘤,心肌梗塞并发左心室室壁瘤是心肌梗死的并发症之一，当出现充血性心力衰竭、心绞痛、室性心动过速和体循环栓塞时，需要考虑施行手术治疗。,手术治疗,无特定药品,需心脏外科评估
187,先天性主动脉缩窄,先天性主动脉缩窄在西方国家发生率较高，在常见先天性心脏病中约占5%左右，1760年Morgagni在进行尸体解剖时描述了降主动脉局部狭窄的情况，直至1945年Crafoord等首次报告手术纠治主动脉缩窄获得成果。,手术或介入治疗,无特定药品,需心脏外科评估
188,先天性主动脉弓畸形,先天性主动脉弓畸形畸形指主动脉弓及其分支发育异常，引致气管及/或食管受压迫。,手术治疗,无特定药品,需心脏外科评估
189,先天性主动脉瓣下狭窄,先天性主动脉瓣下狭窄在先天性左室流出道梗阻的病例中占3%～8%，仅次于主动脉瓣狭窄，它有两种常见的类型：①局限型动脉瓣下狭窄 占70%，又包括隔膜样瓣下狭窄，是主动脉瓣下1.0～1.5cm有纤维性隔膜造成狭窄，和纤维肌隔样瓣下狭窄。,手术治疗,无特定药品,需心脏外科评估
190,先天性主动脉瓣上狭窄,先天性主动脉瓣上狭窄在先天性主动脉出口狭窄中最为少见，约占5～10%。,手术治疗,无特定药品,需心脏外科评估
191,先天性动脉导管未闭,动脉导管原本系胎儿时期肺动脉与主动脉间的正常血流通道，由于胎儿期肺部不参与呼吸功能，来自右心室的大部分肺动脉血经动脉导管进入降主动脉，而左心室的血液则进入升主动脉，故动脉导管为胚胎时期特殊循环方式所必需。,手术或介入封堵,无特定药品,早期治疗
192,先天性动静脉瘘,动静脉瘘指动静脉之间存在异常通道，此异常通道称为动静脉的瘘口。,介入或手术治疗,无特定药品,定期随访
193,先天性二尖瓣畸形,先天性二尖瓣畸形可引致二尖瓣狭窄及/或关闭不全，Fisher于1902年即报道2例先天性二尖瓣畸形，60年代以后报道的病例日益增多。,手术治疗,无特定药品,需心脏外科评估
194,心包积液,心包积液是指心包内有液体积聚，见于很多疾病，常见的有急性心包炎、慢性心包炎、尿毒症、低蛋白血症、肿瘤心包转移、创伤性心包炎、急性心肌梗死等。,病因治疗,无特定药品,寻找病因，必要时引流
195,心肌病,心肌病是一组由于心脏下部分腔室的结构改变和心肌壁功能受损所导致心脏功能进行性障碍的病变。,对症治疗,ACEI、β受体阻滞剂,定期随访
196,心律失常,心律失常是一种常见的疾病，且发病率极高，心律失常的出现，严重危害着患者的身体健康，同时对患者的心理造成一定程度的影响。,药物或射频消融,美托洛尔、胺碘酮,根据类型选择治疗
197,限制型心肌病,限制型心肌病以单侧或双侧心室充盈受限和舒张容量下降为特征，但收缩功能和室壁厚度正常或接近正常。,对症治疗,利尿剂,定期随访
198,心房扑动与心房颤动,心房扑动与心房颤动是发生于心房内的，冲动频率较房性心动过速更快的心律失常。,抗凝、控制心率,华法林、美托洛尔,预防栓塞
199,心室内传导阻滞,心室内传导阻滞指的是希氏束分支以下部位的传导阻滞，一般分为左、右束支传导阻滞及左分支前、后分支传导阻滞，临床上除心音分裂外无其它特殊表现。,病因治疗,无特定药品,定期随访
200,先天性主动脉瓣窦动脉瘤破裂,主动脉瓣窦动脉瘤破裂是一种少见的先天性心脏病，男性多于女性。,手术治疗,无特定药品,需心脏外科评估
201,心包肿瘤,心包肿瘤指发生于心包的新生物，分为良性和恶性两类，原发性心包肿瘤非常罕见。,手术或放化疗,无特定药品,需专科治疗
202,血管运动性鼻炎,血管运动性鼻炎是神经内分泌对鼻粘膜血管，腺体功能调节失衡而引起的一种高反应性鼻病。,对症治疗,鼻喷激素、抗组胺药,避免过敏原
203,胸腔积液,正常人胸腔内有3～15ml液体，在呼吸运动时起润滑作用，但胸膜腔中的积液量并非固定不变。,病因治疗,无特定药品,寻找病因，必要时引流
204,心肌炎,心肌炎是指由各种原因引起的心肌的局限性或弥漫性炎症，多种因素如感染、物理和化学因素均可引起心肌炎，所造成的心肌损害的轻重程度差别很大，临床表现各异，轻症患者无任何症状，而重症患者可发生心力衰竭、心源性休克甚至猝死。,抗病毒、支持,无特定药品,卧床休息，避免劳累
205,心脏内粘液瘤,心脏粘液瘤是原发于心腔内最多见的一种真性肿瘤，一般认为属良性，有一些复杂的表现和恶性倾向，但也有人认为是恶性程度较低的真性肿瘤，粘液瘤可发生于所有心脏的心内膜面，95%的病例发生于心房，其中大约75%的病例病变位于左心房，20%位于右心房，左、右心室各占2.5%，左心房粘液肿瘤常发生于卵园窝附近，临床上常因瘤体堵塞二尖瓣口，导致二尖瓣口狭窄或关闭不全，粘液瘤可发生于任一年龄，但最常见于中年，以女性多见。,手术切除,无特定药品,需心脏外科评估
206,心室间隔缺损,心脏室间隔缺损是常见的一种先天性心脏畸形，大多数是单一畸形，约占先天性心脏病的20%左右；也可为复合心脏畸形的一个组成部分，如法乐四联症，完全性房室通道，右室双出口，完全性大动脉转位，肺动脉闭锁等。,手术或介入封堵,无特定药品,早期治疗
207,羊水过多,羊水量从妊娠早期开始与日俱增，至最后4周开始减少。,病因治疗,无特定药品,定期产检，监测胎儿
208,原发性下肢静脉瓣膜关闭不全,下肢静脉瓣膜关闭不全是一种常见疾病，多发生在持久从事体力劳动或站立工作人群，在教师、售货员、农民、理发员，运动员、外科医师以及绝大多数静脉曲张没有及时手术的患者等人群中发病率较高。,弹力袜、手术,无特定药品,避免久站，适当活动
209,亚急性感染性心内膜炎,亚急性感染性心内膜炎，主要发生于器质性心脏病患者，首先为心脏瓣膜病，尤其是二尖瓣和主动脉瓣，其次为先天性心脏病，如室间隔缺损，动脉导管未闭，法洛氏四联症等。,抗感染治疗,青霉素、万古霉素,疗程需4-6周
210,乙状窦血栓性静脉炎,乙状窦血栓性静脉炎是伴有血栓形成的乙状窦静脉炎，右侧较多见，为常见的耳源性颅内并发症。,抗感染、抗凝,抗生素、华法林,需专科治疗
211,左心室双出口,左心室双出口涵义为两根大动脉均起源于左心室，两根动脉开口位于同一平面，双侧圆锥及圆锥肌肉发育不全，主动脉瓣和肺动脉瓣，半月瓣和二尖瓣之间均连续。,手术治疗,无特定药品,需心脏外科评估
212,左心发育不良,左心发育不良即左心发育不良综合征，是一种少见而复杂的先天性心血管畸形，发病率约为1～27/10万，它是一组以升主动脉、主动脉瓣、左心室、二尖瓣发育不良为特征的先天性心血管畸形。,手术治疗,无特定药品,需心脏外科评估
213,自发性血胸,自发性血胸,胸腔引流,无特定药品,需住院治疗
214,主,主动脉-肺动脉隔缺损或称主-肺动脉窗，是一种较少见的先天性大血管畸形，据Stansel1977年统计，文献中已报道的手术病例尚不足百例，缺损或窗口位于升主动脉与主肺动脉之间，其病理生理和临床表现酷似动脉导管未闭。,手术治疗,无特定药品,需心脏外科评估
215,主动脉夹层,主动脉夹层 即主动脉动脉壁夹层分离，过去曾称为主动脉夹层动脉瘤，系指由各种原因造成的主动脉壁内膜和部分中层破裂而产生破口，血液通过破口进入主动脉壁中层使中层发生撕裂，导致血管壁分层。,紧急手术,无特定药品,立即就医，控制血压
216,主动脉瓣狭窄合并关闭不全,正常主动脉瓣口面积超过3.0cm2，当瓣口面积减小为1.5cm2时为轻度狭窄;1.0cm2时为中度狭窄;<1.0cm2时为重度狭窄。,手术治疗,无特定药品,需心脏外科评估
217,主动脉瓣膜部狭窄,主动脉瓣膜部狭窄，在先天性主动脉出口狭窄中最为常见，占60%。,手术治疗,无特定药品,需心脏外科评估
218,阵发性室上性心动过速,阵发性室上性心动过速是指起源于心房或房室交界区的心动过速，大多数是由于折返激动所致，少数由自律性增加和触发活动引起。,射频消融,无特定药品,反复发作可考虑消融
219,早搏,过早搏动亦称期前收缩，期外收缩，简称早搏。,病因治疗,美托洛尔,偶发无需处理
220,主动脉瘤,主动脉瘤指主动脉壁局部或弥漫性的异常扩张，主动脉最大内径超过正常主动脉内径的1.5倍。,手术或介入治疗,无特定药品,控制血压，定期随访
221,主动脉瓣狭窄,主动脉瓣狭窄是一种常见的心脏瓣膜病，是指主动脉瓣开放受限，致使左心室收缩时血液从左心室流向主动脉的阻力增加。,手术或介入治疗,无特定药品,需心脏外科评估
222,主动脉瓣关闭不全,主动脉瓣关闭不全是常见的心脏瓣膜病，约占心脏瓣膜病的25%。,手术治疗,无特定药品,需心脏外科评估
223,阵发性室性心动过速,由心室异位激动引起的心动过速，起始和终止突然，频率150～250/分，规则，称为阵发性室性心动过速，若持续30秒以上称为持续性室性心动过速。,药物或射频消融,美托洛尔、胺碘酮,有风险，需专科治疗
224,中暑衰竭,中暑衰竭是重症中暑中的一种，也称为热衰竭，是在热应激情况时因肌体对热环境不适应，所致的过多液体和电解质丢失，而引起的低血容量和电解质失衡。,补液、降温,无特定药品,立即转移到阴凉处
225,阿米巴肝脓肿,阿米巴肝脓肿是由于溶组织阿米巴滋养体从肠道病变处经血流进入肝脏，使肝发生坏死而形成，实为阿米巴结肠炎的并发症。,抗阿米巴治疗,甲硝唑、替硝唑,注意肝功能监测
226,氨基甲酸酯类农药中毒,氨基甲酸酯类农药是有机磷酸酯类农药后发展的合成农药，一般品种的毒性较有机磷农药低，其中涕灭威毒性剧烈且耐碱，生产或使用不当，误服或口服自杀可导致中毒，毒性作用与有机磷农药中毒相似，可致体内胆碱酯酶活性下降而引起的以毒蕈碱样、烟碱样和中枢神经系统症状为主的全身性疾病。,脱离接触、对症,阿托品、解磷定,立即脱离，早期用药
227,阿米巴肠病,溶组织内阿米巴，主要寄生于结肠内，引起阿米巴痢疾或阿米巴结肠炎。,抗阿米巴治疗,甲硝唑、替硝唑,注意肝功能监测
228,阿片类药物中毒,阿片是由罂粟的未成熟蒴果被划破后，渗出的乳状液干燥制成，主要包括吗啡、可待因、海洛因和乙基吗啡等作用相似的多种生物碱，阿片类药物一般以吗啡为代表。,纳洛酮解毒,纳洛酮,立即就医
229,柏,柏-查综合征是由于肝静脉或下腔静脉部分或完全阻塞所引起的以肝脏排血障碍为主要表现的症候群，又称肝静脉阻塞综合征。,介入或手术治疗,无特定药品,需专科治疗
230,Brenneman综合征,Brenneman于1921年由Brenneman首先报道，又名咽喉病毒感染伴肠系膜及腹膜后淋巴结炎;肠系膜淋巴结炎，布伦尼曼综合征。,对症治疗,无特定药品,多为自限性
231,巴瑞特综合征,巴瑞特综合征是指食管下端粘膜鳞状上皮被柱状上皮所取代的获得性病变，又称食管炎-消化性溃疡综合征。,药物或手术,质子泵抑制剂,定期内镜随访
232,半乳糖血症,半乳糖血症系为血半乳糖增高的中毒性临床代谢综合征，半乳糖代谢中有3种相关酶中的任何一种酶先天性缺陷均可致半乳糖血症，为常染色体阴性遗传的先天性代谢疾病。,饮食控制,无特定药品,严格限制乳糖
233,暴发性肝功能衰竭,暴发性肝衰竭是相对发病时间来说的，但具体多长时间内算暴发性学术界有争议，一般认为发病小于14天出现重型肝炎的临床表现。,支持治疗、肝移植,无特定药品,需重症监护
234,鞭虫病,鞭虫病是由毛首鞭形线虫寄生于人体的盲肠，阑尾及升结肠所致的常见肠道寄生虫病，分布甚广，尤其热带与亚热带地区的发病率最高，我国普遍存在，尤以农村多见。,驱虫治疗,阿苯达唑,注意卫生
235,布卡综合症,布卡综合症系由肝静脉和肝静脉出口以上的下腔静脉梗阻所引起，本病引起肝郁血，肝肿大，晚期可硬变，脾肿大、腹水及门脉高压症等。,介入或手术治疗,无特定药品,需专科治疗
236,暴发性肝炎样综合征,暴发性肝炎样综合征，系指一组非病毒性肝炎，发病机理不是非常清楚，而具有暴发性肝炎样表现的综合症。,对症支持,无特定药品,需专科治疗
237,便秘,便秘是多种疾病的一种症状，而不是一种病。,饮食调整,乳果糖、聚乙二醇,多饮水，增加膳食纤维
238,吡唑酮类中毒,吡唑酮类药物是安替比林的衍生物，毒性较大，治疗剂量即可引起严重粒细胞减少。,立即停药、对症,无特定药品,立即就医
239,Barrett食管,Barrett食管是指食管下段的复层鳞状上皮被单层柱状上皮所替换的一种病理现象，本身可无特殊症状，当出现食管炎、溃疡，癌变时才会出现相应的反流症状，部分Barrett上皮可能会发生食管腺癌病变。,药物或手术,质子泵抑制剂,定期内镜随访
240,贲门失弛缓症,贲门失弛缓症，又称贲门痉挛，是食管壁间神经丛的节细胞数量减少，甚至消失，可累及整个胸段食管，但以食管中下部最为明显，国内文献中常用的名称有贲门痉挛和贲门失弛缓症。,手术或介入,无特定药品,需专科治疗
241,钡中毒,钡中毒主要是指可溶性含钡化合物如氯化钡，硝酸钡，醋酸钡等，可经呼吸道，消化道侵入人体，也可经破损皮肤吸收，氯化钡口服中毒剂量为0.2-0.5g，致死量为0.8-1g，钡属于肌肉毒物质，对骨骼肌，平滑肌，心肌产生过度刺激和兴奋，最后转为抑制，肌肉麻痹，也可改变细胞膜通透性，引起严重的低钾血症，致使肌肉瘫痪，心律失常，呼吸衰竭等。,脱离接触、对症,无特定药品,立即就医
242,变形杆菌食物中毒,变形杆菌食物中毒是由于摄入大量变形杆菌污染的食物所致，属条件致病菌引起食物中毒。,补液、对症,无特定药品,注意饮食卫生
243,蓖麻子中毒,蓖麻子俗称大麻子，是蓖麻的果实，为油料作物。,洗胃、对症,无特定药品,立即就医
244,铋中毒,铋中毒大多由于医治腹泻时应用多量次硝酸铋所引起。,立即停药、对症,二巯基丙磺酸钠,立即就医
245,丙型病毒性肝炎,丙型病毒性肝炎是由丙肝病毒所引起，以肝脏损害为主的一组全身性传染病。,抗病毒治疗,索磷布韦、达拉他韦,定期随访，监测肝功
246,肠病性肢皮炎综合征,肠病性肢端性皮炎综合征是一种罕见的慢性皮肤病，1936年，首先由Brandt报告，故称Brandt综合征，1942年，Danbolt和Closs二氏又加以详细描述，故双称Danbolt-Closs综合征，本病的主要特点是皮肤糜烂、臀部潮红脱屑，手足伴有脱皮，秃发、指甲营养不良及甲沟炎，胃肠道功能紊乱。,补锌治疗,硫酸锌,需专科治疗
247,肠道菌群失调症,健康人的胃肠道内寄居着种类繁多的微生物，这些微生物称为肠道菌群。,调整菌群,益生菌,注意饮食
248,肠扭转综合征,肠扭转综合征系指末端回肠与乙状结肠互相缠绕，扭结而产生的一组肠梗阻症候群。,手术治疗,无特定药品,急腹症，需紧急手术
249,肠气肿综合征,肠气肿综合征是指肠道粘膜下或浆膜下有多数大小不等，外观似息肉的小气囊。,对症治疗,无特定药品,需专科治疗
250,肠系膜淋巴结结核,肠系膜淋巴结结核又称结核性肠系膜淋巴结炎，是由结核分枝杆菌感染所致。,抗结核治疗,异烟肼、利福平,联合用药，规律服药
251,肠系膜上动脉压迫综合征,肠系膜上动脉压迫综合征又称Wilkie病，压迫性肠梗阻，系指由于肠系膜上动脉压迫十二指肠的水平部所引起的十二指肠部分或完全梗阻而出现的一系列症状。,保守治疗、手术,无特定药品,体位调整，营养支持
252,粗制棉子油中毒,棉子又名木棉子、棉花核，为锦葵科植物草棉的种子。,立即停药、对症,无特定药品,立即就医，注意卫生
253,肠扭转,肠扭转是一段肠袢沿肠系膜长轴旋转或两段肠袢扭缠成结而造成闭袢性肠梗阻，前者常见是急性完全性肠梗阻。,紧急手术,无特定药品,急腹症，需紧急手术
254,肠套叠,肠套叠是指一段肠管套入与其相连的肠腔内，并导致肠内容物通过障碍。,空气灌肠、手术,无特定药品,早期治疗，预后良好
255,肠间脓肿,肠间脓肿是指脓液在腹腔内积聚，由肠袢、内脏、肠壁、网膜或肠系膜等粘连包围，与游离腹腔隔离，形成腹腔脓肿。,抗感染、引流,抗生素,需专科治疗
256,残胃癌,残胃癌亦称胃手术后胃癌，因其既可发生于胃大部切除后的残胃内，亦可发生于单纯胃肠吻合，单纯穿孔修补或迷走神经切断后的全胃内，一般认为应限于胃非癌瘤性病变手术后发生的胃癌，若因恶性病变而作手术者则应指手术后20年以上发生的胃癌，残胃癌的好发部位是吻合口，但亦可弥漫发生于整个残胃。,手术、化疗,无特定药品,定期随访
257,残窦综合征,残窦综合征是指BillrochⅡ式手术时，胃窦切除不全，残留胃窦粘膜受到反流的十二指肠液刺激而产生大量胃泌素，作用于壁细胞，使胃酸浓度过高而引起的综合征。,药物治疗,质子泵抑制剂,需专科治疗
258,肠易激综合征,肠易激综合征指的是一组包括腹痛、腹胀、排便习惯改变和大便性状异常、粘液便等表现的临床综合征，持续存在或反复发作，经检查排除可以引起这些症状的器质性疾病。,饮食调整,匹维溴铵,避免诱因，减轻压力
259,肠梗阻,肠梗阻指各种原因引起的肠内容物在肠道中通过障碍。,保守治疗或手术,无特定药品,需紧急处理
260,苍耳中毒,苍耳中毒主要是误食苍耳果实或幼苗，而引起的中毒，轻度中毒一般有头晕、头痛、乏力、食欲减退、口干、恶心、呕吐、腹痛腹泻、颜面潮红、结膜充血、荨麻疹等，食入12小时以内者，可先催吐，然后可用1∶2.000高锰酸钾洗胃，并用温盐水高位洗肠及服泻剂，静脉输液保肝治疗及对症治疗。,洗胃、对症,无特定药品,立即就医
261,肠道病毒所致各系统感染,肠道病毒包括脊髓灰质炎病毒，柯萨奇病毒、埃可病毒，以及近年来新发现的新肠道病毒68～71型。,对症支持,无特定药品,注意隔离，预防传播
262,肠系膜上动脉栓塞,肠系膜上动脉栓塞是指他处脱落的各种栓子经血液循环至肠系膜上动脉，堵塞其主干或分支，导致该动脉供血障碍，供血肠管发生急性缺血性坏死，肠系膜上动脉主干口径较大，与腹主动脉呈倾斜夹角，栓子易于进入，故临床上本病较多见，约占急性肠系膜血管缺血的40%～50%。,紧急手术,无特定药品,需紧急处理
263,肠道气囊肿症,肠道气囊肿症是指在肠道粘膜下或浆膜上存在很多气囊的一种少见疾病，气囊肿最多见于小肠，特别是回肠，其次是结肠以及身体其他部位。,氧疗、对症,无特定药品,需专科治疗
264,餐后血糖过低症,餐后血糖过低症又称餐后迟发型倾倒综合征，是指胃切除后胃排空过速，葡萄糖迅速被肠粘膜吸收，致血糖骤然增高，刺激胰岛过多分泌胰岛素而出现的一系列低血糖症。,饮食调整,无特定药品,少食多餐
265,肠结核,肠结核为消化系统结核中最常见者，绝大多数继发于肠外结核病，特别是空洞型肺结核，据统计，25%～50%的肺结核病人可并发肠结核。,抗结核治疗,异烟肼、利福平,联合用药，规律服药
266,肠系膜上静脉血栓形成,肠系膜静脉血栓形成占全部肠系膜血管缺血性疾患的5%～15% ，通常累及肠系膜上静脉，而肠系膜下静脉很少受累。,抗凝治疗,华法林、低分子肝素,需专科治疗
267,大网膜扭转,大网膜是腹腔内最大的腹膜皱襞，近侧分别起于胃大弯及横结肠，向下延伸时互相融为一体。,手术治疗,无特定药品,需紧急手术
268,胆道运动功能障碍综合征,胆道运动功能障碍综合征又称为Oddi括约肌功能障碍包括十二指肠乳头炎、乳头狭窄和胆囊切除术后综合征。,对症治疗,匹维溴铵,饮食调节
269,胆道张力低下综合征,胆道张力低下综合征，又名Chiray综合征，系指由于胆道张力低下，胆囊排空延迟，而出现消化不良，不能耐受脂类食物，并有右上腹疼痛的一组症候群。,促进排空,无特定药品,饮食调节
270,胆囊管综合征,胆囊管综合征系指胆囊管的不完全性，非结石性，机械性梗阻，引起胆汁排出不畅、胆囊内压升高所致的一组以胆绞痛为主要表现的临床症候群，本征也称胆囊管阻塞综合征、胆囊运动障碍综合征、原发性慢性胆囊管炎。,手术治疗,无特定药品,需专科评估
271,胆石性肠绞塞综合征,胆石性肠绞塞综合征是指胆道炎症反复发作并与邻近的十二指肠，结肠肝曲、胃和胆道自身相粘连，胆石嵌顿，阻塞和压迫，继发细菌感染等使胆内压增高，局部血循环障碍，或坏死、穿孔可破溃入已粘连的脏器形成瘘管，如有结石阻塞肠道即可引起本症，本征少见约占机械性小肠梗塞的1%～3%。,手术治疗,无特定药品,需紧急手术
272,胆汁淤积性黄疸,胆汁淤积性黄疸是指因胆汁淤积而使血中胆汁酸和胆红素均高于正常值。,病因治疗,熊去氧胆酸,寻找病因
273,第五日综合征,第五日综合征又名小儿阑尾切除术后第五日综合征，小儿阑尾炎手术过程顺利，术后4～5日突然出现腹痛，高热，数小时后发展为类似弥漫性腹膜炎征象。,对症支持,无特定药品,密切观察
274,蛋白丧失胃肠综合征,蛋白丧失胃肠综合征又称蛋白丧失性胃肠病也有人称为蛋白漏出性胃肠病或渗出性胃肠病，是指由于多种原因所引起的血浆蛋白特别是白蛋白从胃肠粘膜丢失而导致的一种综合征。,营养支持,无特定药品,补充白蛋白
275,胆囊,胆囊-结肠肝曲粘连综合征于1930年由Verbryche首先描述，故又称Verbrycke综合征，胆囊肝曲粘连综合征。,手术治疗,无特定药品,需专科评估
276,胆石症,胆石症是指胆道系统的任何部位发生结石的疾病，主要症状为腹痛、畏寒、发热及黄疸。,手术或药物治疗,熊去氧胆酸,饮食调节，定期随访
277,胆囊切除术后综合征,胆囊切除术后综合征系指胆囊切除术后的部分患者仍有右上腹绞痛、饱胀不适和腹泻等症状。,对症治疗,匹维溴铵,饮食调节
278,大肠息肉,大肠息肉广义指任何突出于肠腔的隆起性病变，狭义指来源于黏膜上皮的隆起性病变。,内镜下切除,无特定药品,定期随访
279,多发性消化道息肉综合征,多发性消化道息肉综合征，是指发生在中老年，具有消化道多发性息肉，外胚层异常和伴有严重的间歇性腹泻，腹痛、肢体麻木刺痛等胃肠和神经系统症状的一组症候群。,对症治疗,无特定药品,定期随访
280,大肠梗阻,大肠梗阻是指各种原因导致结肠或直肠内容物不能通过的一组临床症候群，常常需要尽早鉴别并积极干预。,紧急处理,无特定药品,需紧急手术
281,胆汁性肝硬化,胆汁性肝硬化指胆管系统病变引起的肝硬化，从微细胆管到肝外总胆管均有可能。,对症支持,熊去氧胆酸,定期随访
282,丁型病毒性肝炎,丁型病毒性肝炎是由丁型肝炎病毒 与乙型肝炎病毒等嗜肝DNA病毒引起的急性和慢性肝脏炎症病变。,抗病毒治疗,干扰素,定期随访
283,胆汁返流性胃炎,胆汁返流性胃炎，也称碱性返流性胃炎，系指由于胆汁返流入胃所引起的上腹痛、呕吐胆汁，腹胀、体重减轻等一系列表现的综合征，常见于胃切除，胃肠吻合术后，总发病率约5%左右，其中BillrothⅡ式胃切除术后的发病率为BillrothⅠ术式的2～3倍，鉴于其症状、病理变化以及治疗反应与其他胃切除后综合征有所不同，Roberts等将本病从胃切除后并发症中分出，列为一种独立的病症。,药物治疗,铝碳酸镁,饮食调节
284,胆管癌,胆管癌是指原发于左右肝管汇合部至胆总管下端的肝外胆管恶性肿瘤，胆管癌可分为肝门部胆管癌或上段胆管癌、中段胆管癌和下段胆管癌3个类型。,手术、化疗,无特定药品,需专科治疗
285,大肠类癌,大肠类癌又称嗜银细胞瘤，发生于肠粘膜腺体的嗜银细胞，这种细胞呈嗜铬性。,手术切除,无特定药品,定期随访
286,毒蕈中毒,蕈俗称蘑菇，是一类高等真菌。,洗胃、对症,无特定药品,立即就医
287,敌鼠中毒,敌鼠是一种使用较为广泛的抗凝血灭鼠剂，属高毒类，因其化学结构可以竞争者干扰肝脏对维生素K的利用，抑制凝血因子及凝血酶原合成，同时其代谢产物能损伤毛细血管，使血管壁通透性增加，导致严重内出血。,维生素K治疗,维生素K1,立即就医
288,大肠癌,大肠癌是包括结肠癌和直肠癌，大肠癌的发病率从高到低依次为直肠、乙状结肠、盲肠、升结肠、降结肠及横结肠，近年有向近端发展的趋势，发病率的死亡率分别位于恶性肿瘤第3位及第4位，手术切除后的5年生存率平均可达40%～60%，早期发现、早期诊断、早期治疗以及开展规范化的手术治疗仍是提高大肠癌疗效的关键。,手术、化疗,无特定药品,早期筛查
289,大肠恶性淋巴瘤,恶性淋巴瘤系起源于淋巴网状组织的一种恶性肿瘤，大肠恶性淋巴瘤包括原发于肠道的结外型淋巴瘤及其他部位的恶性淋巴瘤在病程中累及胃肠道的继发性病变，原发者起病隐匿，早期缺乏特异性，常因延误诊治而预后不良。,化疗、放疗,无特定药品,需专科治疗
290,Ehler,Ehler-Danlos综合征又称皮肤弹性过度综合征，系一种先天性结缔组织缺陷病，临床上主要表现为皮肤弹性过度、皮肤和血管脆弱和关节活动度大三个特点，本病罕见，男多于女，常有家族史，属常染色体显性遗传，也有性联隐性遗传为特征的。,对症支持,无特定药品,避免外伤
291,儿童胰腺功能不全并中性粒细胞减少症综合征,儿童胰腺功能不全并中性粒细胞减少综合征是由Shwachman1964年报告的，故也称 Shwachman综合征、Shwachman-Diamond综合征。,对症支持,胰酶制剂,需专科治疗
292,儿童腹痛,腹痛是小儿时期最常见的症状之一，引起腹痛的原因很多，几乎涉及各科疾病。,病因治疗,无特定药品,寻找病因
293,呃逆症,呃逆症是膈肌和肋间肌等辅助呼吸肌的阵发性不随意挛缩，伴吸气期声门突然闭锁，空气迅速流入气管内发出特异性声音。,对症治疗,氯丙嗪,多数可自愈
294,非溃疡消化不良,系指由胃和十二指肠功能紊乱引起的症状，而无器质性疾病的一组临床综合征，亦称功能性消化不良。,对症治疗,促胃动力药,饮食调节
295,分流性高胆红素血症综合征,分流性高胆红素血症综合征即Israel综合征，系由骨髓红细胞或前体产生过多的胆红素，或直接由亚铁红素或四吡咯前体破坏和生成所致。,对症支持,无特定药品,定期随访
296,粪类圆线虫病,粪类圆线虫病是有世代交替的兼性寄生虫，它的自生世代在地面泥土上进行，寄生世代在人体内进行。,驱虫治疗,阿苯达唑、伊维菌素,注意卫生
297,腹肌缺如综合征,腹肌缺如综合征为腹肌发育不良，常合并四肢、泌尿系、胃肠道和心脏等器官的畸形。,对症支持,无特定药品,需专科治疗
298,腹绞痛综合征,腹绞痛综合征是指肠道相对缺血引起的餐后上腹或中腹部疼痛的综合征。,对症治疗,无特定药品,寻找病因
299,腹膜后感染与脓肿,腹膜后感染与脓肿，较为少见，常见的病原体是大肠杆菌、金黄色葡萄球菌，普通变形杆菌、产气杆菌及链球菌。,抗感染、引流,抗生素,需专科治疗
300,腹膜后间隙出血,腹膜后间隙出血乃严重腹部损伤的并发症之一，由于常被腹内脏器损伤或其他部位复合性损伤所掩盖而易误诊，诊断较为困难，严重者可危及生命，有报告死亡率高达42%。,紧急处理,无特定药品,需紧急处理
301,腹膜后淋巴结炎,腹膜后淋巴结炎是由于细菌、病毒或结核杆菌感染形成的急性、慢性或结核性腹膜后淋巴结炎。,抗感染治疗,抗生素,需专科治疗
302,腹膜后腔液体渗病,胆汁，胰液、十二指肠液、淋巴液或尿液在某些病理情况下渗入后腹膜腔称腹膜后腔液体渗病。,病因治疗,无特定药品,寻找病因
303,腹膜后疝,腹膜后疝是腹内疝的一种类型，又称腹膜隐窝疝。,手术治疗,无特定药品,需紧急手术
304,腹膜间皮瘤,腹膜间皮瘤为原发于腹膜上皮和间皮组织的肿瘤。,手术、化疗,无特定药品,需专科治疗
305,腹腔动脉压迫综合征,腹腔动脉压迫综合征，是指由于腹腔动脉局限性狭窄，引起的内脏缺血，临床上表现为上腹部间歇性钝痛伴恶心，呕吐或腹泻为主的一组症状群。,手术治疗,无特定药品,需专科评估
306,腹型癫痫综合征,腹型癫痫综合征是指以发作性腹痛为特点的一种癫痫。,抗癫痫治疗,丙戊酸钠、卡马西平,需专科治疗
307,腹型偏头痛综合征,腹型偏头痛综合征是一种少见的头痛类型，常有偏头痛的家族史。,对症治疗,布洛芬,避免诱因
308,腹主动脉血栓形成综合征,腹主动脉血栓形成综合征，又称主动脉分叉闭塞综合征，末端主动脉血栓形成综合征，渐进性主动脉末端部分血栓形成综合征，终末主动脉髂动脉闭锁综合征，慢性腹主动脉髂动脉阻塞，孤立性腹主动脉髂动脉病。,抗凝、手术,华法林,需专科治疗
309,腹卒中综合征,腹卒中综合征是指腹腔内血管自发性破裂引起急腹症和休克症候群，又称之为自发性大量腹腔内出血、腹腔内卒中综合征、肠系膜或腹膜下出血综合征，病因尚不明确。,紧急手术,无特定药品,需紧急处理
310,Felty综合征,Felty综合征又称为关节炎-粒细胞减少-脾大综合征，类风湿性关节炎-脾大综合征、感染性关节炎。,对症治疗,无特定药品,需专科治疗
311,腹痛,腹痛是临床常见的症状，也是促使患者就诊的原因。,病因治疗,无特定药品,寻找病因
312,腹膜炎,腹膜炎是腹腔壁层腹膜和脏层腹膜的炎症，是由细菌感染、化学刺激或损伤所引起的外科常见的一种严重疾病。,抗感染、手术,抗生素,需紧急处理
313,腹泻,正常人一般每日排便一次，个别人每日排便2～3次或每2～3日一次，粪便的性状正常，每日排出粪便的平均重量为150～200g，含水分为60%～85%。,补液、对症,无特定药品,预防脱水
314,反流性食管炎,反流性食管炎系指由于胃和十二指肠内容物反流入食管导致反酸、烧心、食管炎症等一系列症候群。,抑酸治疗,奥美拉唑,饮食调节
315,沙门氏菌属食物中毒,沙门氏菌属食物中毒是一种常见的细菌性食物中毒，由一群革兰氏阴性杆菌组成的尤其是对人和动物都能导致疾病的病菌，其中以鼠伤寒、肠炎和猪霍乱杆菌最常见。,补液、对症,无特定药品,注意饮食卫生
316,放射性肠炎,放射性肠炎是盆腔，腹腔、腹膜后恶性肿瘤经放射治疗引起的肠道并发症。,对症支持,无特定药品,需专科治疗
317,福尔马林中毒,福尔马林是 35%～40%甲醛溶液，为重要的消毒防腐剂，对皮肤和粘膜有强烈的刺激作用，吸收后对中枢神经系统有抑制作用，甲醛在体内经氧化生成甲酸，常可导致酸中毒，即为福尔马林中毒。,洗胃、对症,无特定药品,立即就医
318,发芽马铃薯中毒,马铃薯俗称土豆或洋山芋，属茄科，未成熟或发芽的块根含有毒物质:龙葵碱，毒茄碱等。,洗胃、对症,无特定药品,立即就医
319,副溶血性弧菌食物中毒,副溶血性弧菌食物中毒是由于食用了被该菌污染的食品或者食用了含有该菌的食品后出现的急性、亚急性疾病。,补液、对症,无特定药品,注意饮食卫生
320,非寄生虫性肝囊肿,非寄生虫性肝囊肿绝大多数是肝脏的良性疾病，其中先天性囊肿最常见。,手术或观察,无特定药品,定期随访
321,非酒精性脂肪性肝病,非酒精性脂肪性肝病是指除外酒精和其他明确的损肝因素所致的，以弥漫性肝细胞大泡性脂肪变为主要特征的I陆床病理综合征，包括单纯性脂肪肝以及由其演变的脂肪性肝炎和肝硬化。,生活方式干预,无特定药品,减重、运动、控制饮食
322,非霍乱弧菌感染,由非霍乱弧菌引起得感染，这类弧菌在生化和血清学方面均不同于霍乱弧菌，可因致病菌种的不同而引起伤口感染，肠毒症或腹泻。,补液、对症,无特定药品,注意卫生
323,肛门闭锁,肛门闭锁又称低位肛门直肠闭锁，由于原始肛发育异常，未形成肛管，致使直肠与外界不通，在中医学中称为“肛门闭合”。,手术治疗,无特定药品,早期手术
324,高锰酸钾中毒,高锰酸钾是消毒和洗胃时的常用药，但若超过规定量，外用消毒会烧伤伤口与粘膜;内用洗胃时，会引起胃粘膜溃疡、糜烂。,洗胃、对症,维生素C,立即就医
325,肝-甲状腺综合征,肝-甲状腺综合征是指同时患有慢性肝炎和慢性甲状腺炎，而且在病因上二者有一定联系的综合征。,对症治疗,无特定药品,需专科治疗
326,肝纤维化,肝纤维化是指肝脏纤维结缔组织的过度沉积，是纤维增生和纤维分解不平衡的结果。,病因治疗,无特定药品,积极治疗原发病
327,肝肺综合症,肝肺综合征是终末期肝脏病的一种严重并发症 。,对症支持,无特定药品,需专科治疗
328,Gardner综合征,Gardner综合征，又称为魏纳-加德娜综合征、家族性多发性结肠息肉-骨瘤-软组织瘤综合征、家族性结肠息肉症，系染色体显性遗传疾病，为单一基因的多方面表现。,定期随访,无特定药品,定期内镜随访
329,功能性呕吐,功能性呕吐是由腹部肌肉的非随意性收缩，胃底和下食管括约肌的松弛所致的胃内容物被用力排出。,对症治疗,无特定药品,寻找病因
330,肝性脊髓病,肝性脊髓病又称门-腔分流性脊髓病，是肝病并发的一种特殊类型的神经系统并发症，以缓慢进行性痉挛性截瘫为特征，脊髓侧索和后索脱髓鞘病理改变为主，多见于手术或自然形成门-腔循环分流，大多数病例与肝性脑病并存，往往脊髓症状被严重的脑病的意识及运动障碍所掩盖而不能做出诊断，直至病理检查时才发现脊髓后索、侧索的脱髓鞘改变。,对症支持,无特定药品,需专科治疗
331,肝炎双重感染,双重或多重感染系指同一个病毒性肝炎患者可有两种或两种以上的不同型肝炎病毒感染，现知肝炎病毒有5型，彼此间无交叉免疫。,抗病毒治疗,干扰素,定期随访
332,肝炎后综合征,肝炎后综合症，系由病毒性肝炎愈合后所出现的以植物神经紊乱为特点的综合病症，也称恢复期肝炎综合征。,对症支持,无特定药品,心理疏导
333,膈膨出和麻痹,膈膨出和麻痹系指膈肌完整，但全膈或膈的某一部分不正常的上升或高位，前者为先天性膈肌纤维发育不全所致，后者由膈神经损伤引起，据统计占常规成人胸透的1/10000。,对症治疗,无特定药品,需专科评估
334,肝性脑病,肝性脑病又称肝性昏迷，是严重肝病引起的、以代谢紊乱为基础的中枢神经系统功能失调的综合病征，其主要临床表现是意识障碍，行为异常和昏迷。,降氨治疗,乳果糖、L-鸟氨酸,需紧急处理
335,肝硬化,肝硬化是一种常见的由不同病因引起的、以肝组织弥漫性纤维化、假小叶和再生结节为组织学特征的慢性进行性慢性肝病。,对症支持,螺内酯、普萘洛尔,定期随访，预防并发症
336,肝脓肿,肝脓肿可由溶组织阿米巴原虫或细菌感染所引起。,抗感染、引流,抗生素,需专科治疗
337,功能性消化不良,功能性消化不良是指具有上腹痛或上腹烧灼感，上腹胀等症状，经检查排除了引起这些症状的胃肠道、肝胆道及胰腺等器质性疾病的1组临床综合征，症状可持续或反复发作，症状发作时间每年超过1个月。,促动力药,多潘立酮,饮食调节
338,钩虫病,钩虫病是由于十二指肠钩口线虫或美洲钩口线虫寄生于小肠内所引起的疾病。,驱虫治疗,阿苯达唑,注意卫生
339,肝腺瘤,肝腺瘤亦称肝细胞腺瘤，是较少见的肝脏良性肿瘤，究其原因可能与应用避孕药的增加有关，据报道长期服用避孕药者该病的发病率为/1万，而在不服用避孕药及服用避孕药史短于2年的妇女，该病的发病率仅为1/100万，肝腺瘤病理上分为肝细胞腺瘤、胆管细胞腺瘤和混合腺瘤。,手术切除,无特定药品,定期随访
340,肝外胆管损伤,创伤所致肝外胆管损伤，是肝门损伤的一部分。,手术治疗,无特定药品,需专科治疗
341,肝损伤,肝脏是腹腔内最大的实质性器官，几乎参与所有的生理功能，担负人体的重要生理功能。,保肝治疗,护肝片,寻找病因
342,肝囊肿,肝囊肿是一种较常见的肝脏良性疾病，可分为寄生虫性、非寄生虫性和先天遗传性。,手术或观察,无特定药品,定期随访
343,肝包虫囊肿,肝包虫囊肿多见于牧区，南美、南欧和澳洲等与牧羊有关，伊朗和伊拉克等与骆驼有关，加拿大和阿拉斯加则可能与驯鹿有关。,手术或药物治疗,阿苯达唑,需专科治疗
344,膈下脓肿,凡位于膈肌以下，横结肠及其系膜以上区域中的局限性积脓统称为膈下脓肿，右肝上后间隙脓肿最为多见，其原因与淋巴流向及呼吸运动影响有关，腹腔此间隙内的腹内压最低，其次为右肝下间隙及右肝上前间隙脓肿，左侧的膈下脓肿相对少见。,抗感染、引流,抗生素,需专科治疗
345,肝血管瘤,肝血管瘤多数是海绵状血管瘤是一种常见的肝脏良性肿瘤，可发生于任何年龄，但常在成年人出现症状，女性为多，肝血管瘤是肝内最常见的良性肿瘤，术前大多数病例都能得到确诊，绝大多数无症状，少数因肿瘤较大而出现肝区不适。,手术或观察,无特定药品,定期随访
346,钩虫性十二指肠炎综合征,钩虫性十二指肠炎综合征亦称Griesinger综合征，1843年由意大利学者Dabin首先发现。,驱虫治疗,阿苯达唑,注意卫生
347,膈先天性缺损,膈先天性缺损指胸腹膜裂孔和胸骨旁裂孔先天性发育障碍而致局部缺损，常并发先天性膈疝。,手术治疗,无特定药品,早期手术
348,膈疝,膈疝系指腹内脏器经由膈肌的薄弱孔隙，缺损或创伤裂口进入胸腔所致。,手术治疗,无特定药品,需紧急手术
349,肛管、直肠、结肠狭窄,肛管直肠和结肠狭窄可由先天性畸形，炎症、外伤、肿瘤和手术创伤等原因引起，结肠狭窄除先天性畸形和损伤造成外，多数是结肠切除术后以及溃疡性结肠炎、肉芽肿性结肠炎等的并发症。,手术治疗,无特定药品,需专科治疗
350,膈扑动,膈扑动系指因膈肌阵发性或持续性痉挛，伴有吸气期声门突然关闭，产生一种短促奇特的声音、令人不能自制的一种症状，按痉挛轻重分为呃逆、膈肌痉挛、膈肌扑动，膈肌扑动少见，当其发作时，膈肌有极快的而有节奏的被动收缩，每分钟可达100～300次。,对症治疗,无特定药品,多数可自愈
351,含亚硝酸盐类植物性食物中毒,肠原性青紫是进食较多含有硝酸盐的蔬菜和苦井水，笼锅水引起的亚硝酸盐中毒。,洗胃、解毒,亚甲蓝,立即就医
352,化脓性汗腺炎,大汗腺感染后在皮内和皮下组织反复发作，广泛蔓延，形成范围较广的慢性炎症、小脓肿，复杂性窦道和瘘管，称为化脓性汗腺炎，多发于腋窝、腹股沟等皱褶部位，20～40岁身体肥胖多汗的人，易患此病，女多于男，本病长期不愈有恶变可能，大多发生在病后10～20年。,抗生素、手术,克林霉素,需专科治疗
353,回盲瓣综合征,回盲瓣综合征又名回盲括约肌综合征，系指由各种原因所致的回盲瓣非特异性水肿而言。,对症治疗,无特定药品,饮食调节
354,活动盲肠综合征,在生理情况下，盲肠各面均有腹膜覆盖，但有5%的人盲肠上段后面可无腹膜覆盖，且具有不发达的系膜，故有一定程度的活动性，但其活动范围不应超过6cm，然而，如果在胚胎时期右侧结肠系膜与侧面腹膜未能融合，则可导致盲肠和升结肠的活动性大大增强，即使仍然处于正常的右下解剖位置，却可因异常性活动而发生扭转、移位，有时甚至超过中线至左侧，导致部分性肠梗阻的一系列症状，称之为活动盲肠综合征。,对症治疗,无特定药品,饮食调节
355,横膈下结肠嵌入综合征,横膈下结肠嵌入综合征系指结肠嵌入肝与横膈之间，而出现腹痛、腹胀及呕吐等一组症候群。,对症治疗,无特定药品,体位调整
356,黄疸,黄疸是高胆红素血症的临床表现，即血中胆红素增而使巩膜、皮肤、粘膜以及其他组织和体液发生黄染的现象。,病因治疗,无特定药品,寻找病因
357,黑色素斑,黑色素斑-胃肠多发性息肉综合征系一遗传性关病，其特征是在口唇及其周围发生黑色素斑，同时伴有消化道的多发性息肉病。,定期随访,无特定药品,定期内镜随访
358,蛔虫病,蛔虫病是由似蚓蛔线虫寄生于人体小肠或其他器官所引起的最常见寄生虫病，国内流行广泛，儿童发病为多。,驱虫治疗,阿苯达唑、甲苯咪唑,注意卫生
359,霍乱样综合征,霍乱样综合征，系指结肠或/和小肠粘膜表面覆盖有由纤维素、粘液、坏死粘膜和炎细胞等组成的伪膜状物的急性坏死性炎症，因此得名为伪膜性肠炎、手术后肠炎、抗生素相关性肠炎，肛门-直肠综合征。,补液、对症,无特定药品,预防脱水
360,结、直肠黑变病,结直肠黑变病是指结直肠固有膜内巨噬细胞含有脂褐素样物质的一种黏膜色素沉着性病变，是一种少见、非炎性良性病变。,停用泻药,无特定药品,停用蒽醌类泻药
361,结肠粪性穿孔,结肠粪性穿孔是一种少见的致死性急腹症。,紧急手术,无特定药品,需紧急处理
362,结肠憩室病,结肠憩室是结肠壁向外凸出形成袋状，可以是单个，但更多是一连串由肠腔向外的囊状突出。,饮食调整,无特定药品,高纤维饮食
363,甲醇中毒,甲醇又称木醇或木酒精，是工业酒精的主要成分之一。,洗胃、解毒,乙醇、甲吡唑,立即就医
364,局部麻醉药中毒,局部麻醉药物分为脂类局麻药和酰胺类局麻药。,立即停药、对症,无特定药品,立即就医
365,结核性腹膜炎,结核性腹膜炎是由结核杆菌引起的慢性弥漫性腹膜感染。,抗结核治疗,异烟肼、利福平,联合用药，规律服药
366,急性胃扩张,急性胃扩张是指短期内由于大量气体和液体积聚，胃和十二指肠上段高度扩张而致的一种综合征。,胃肠减压,无特定药品,需紧急处理
367,急性化脓性胆管炎,急性化脓性胆管炎又名急性梗阻性化脓性胆管炎 ，泛指由胆管阻塞引起的急性细菌性胆道感染，是胆道外科病人死亡的最重要、最直接的原因，多数继发于胆管结石和胆道肿瘤。,抗感染、引流,抗生素,需紧急处理
368,急性出血性坏死性肠炎,急性出血性坏死性肠炎是以小肠的广泛出血、坏死为特征的肠道急性蜂窝织炎，病变主要累及空肠和回肠，还可侵犯十二指肠和结肠等。,抗感染、支持,抗生素,需紧急处理
369,结肠闭锁,结肠闭锁的发生率为1/1500～20000，在全部肠闭锁病例中发生于结肠者少于5％。,手术治疗,无特定药品,早期手术
370,结肠直肠损伤,结肠直肠损伤平时多因工农业生产外伤，交通事故、生活意外及殴斗所致，以腹部闭合性损伤为多见，发生率在腹部内脏伤中次于小肠、脾脏、肝脏，肾脏损伤而居第5位。,紧急手术,无特定药品,需紧急处理
371,结核性肠系膜淋巴结炎,原发性结核性肠系膜淋巴结炎，是结核杆菌通过血行播散或肠粘膜进入相应的淋巴结，或者是肠壁的原有病变已完全愈合而未留痕迹。,抗结核治疗,异烟肼、利福平,联合用药，规律服药
372,结肠扭转,结肠扭转是指以结肠系膜为轴的部分肠襻扭转和肠管本身纵轴为中心扭曲。,紧急手术,无特定药品,需紧急处理
373,结肠瘘,结肠瘘是一种较常见且严重的外科并发症，可以引起一系列的病理改变，80% 的肠瘘发生于手术后， 病死率极高 。,手术治疗,无特定药品,需专科治疗
374,结肠癌,结肠癌是常见的消化道恶性肿瘤，占胃肠道肿瘤的第二位。,手术、化疗,无特定药品,早期筛查
375,急性胃粘膜病变,急性胃粘膜病变是以胃粘膜发生不同程度糜烂，浅溃疡和出血为特征的病变，通常由非甾体抗炎药或急性应激引起，临床上可轻到无症状或重到消化道大出血，病理改变以胃黏膜糜烂、出血为重要表现。,抑酸、保护黏膜,奥美拉唑、硫糖铝,停用刺激药物
376,急性腐蚀性胃炎,急性腐蚀性胃炎是由于吞服强酸或强碱等腐蚀剂后引起胃黏膜发生变性、糜烂，溃疡或坏死性病变，早期临床表现为胸骨后及上腹部的剧痛，重者导致出血或穿孔，晚期可导致食管狭窄。,紧急处理,无特定药品,立即就医
377,急性单纯性胃炎,急性胃炎是指各种外在和内在因素引起的急性广泛性或局限性的胃黏膜急性炎症，若合并肠道炎症则称急性胃肠炎。,对症治疗,铝碳酸镁,饮食调节
378,假膜性肠炎,假膜性肠炎又称伪膜性肠炎是一种主要发生也结肠，也可累及小肠的急性粘膜坏死、纤维素渗出性炎症，粘膜表面覆有黄白或黄绿色伪膜。,抗感染、支持,万古霉素、甲硝唑,需专科治疗
379,家族性结肠息肉,家族性结肠息肉病归属于腺瘤性息肉综合征，是一种常染色体显性遗传性疾病，偶见于无家族史者，全结肠与直肠均可有多发性腺瘤，多数腺瘤有蒂，乳头状较少见，息肉数从100左右到数千个不等，自黄豆大小至直径数厘米，常密集排列，有时成串，其组织结构与一般腺瘤无异。,定期内镜随访,无特定药品,定期随访
380,急性腹膜炎,急性腹膜炎是常见的外科急腹症，其病理基础是腹膜壁层和脏层因各种原因受到刺激或损害发生急性炎性反应，多由细菌感染，化学刺激或物理损伤所引起。,抗感染、手术,抗生素,需紧急处理
381,酒精性肝病,酒精性肝病是长期酗酒所致酒精中毒性肝脏疾病，包括脂肪肝，酒精性肝类和酒精性肝硬化。,戒酒、保肝,护肝片,必须戒酒
382,甲型肝炎,甲型肝炎是由通过感染甲型肝炎病毒引起的急性肝脏炎症，主要经粪-口途径传播，发病以儿童和青少年多见，是我国常见的肠道传染病之一，在病毒性肝炎中发病率及感染率最高。,对症支持,无特定药品,隔离，注意卫生
383,急性胃肠炎,急性胃肠炎是胃肠粘膜的急性炎症，临床表现主要为恶心、呕吐、腹痛、腹泻、发热等。,补液、对症,无特定药品,预防脱水
384,结肠息肉,是一类从粘膜表面突出到结肠肠腔内的隆起状的病变，在未确定病理性质前均称为结肠息肉，按病理可分为：腺瘤样息肉最常见，炎性息肉，肠粘膜受长期炎症刺激增生的结果，错构瘤型息肉，其他，如粘膜肥厚增生形成增生性息肉，淋巴组织增生，类癌等疾患。,内镜下切除,无特定药品,定期随访
385,急性胃炎,急性胃炎是由多种病因引起的急性胃黏膜炎症。,抑酸、保护黏膜,奥美拉唑、铝碳酸镁,饮食调节
386,急性阑尾炎,急性阑尾炎民间俗称“盲肠炎”，这是在解剖部位上的一种误解，实际阑尾是在盲肠末端的一个器官。,紧急手术,无特定药品,需紧急处理
387,巨膀胱,巨膀胱-小结肠-肠蠕动不良综合征可能系神经肌肉功能不够成熟所致，机体能自行纠正，但过程缓慢，多因泌尿系感染、败血症和长期营养不良而死亡。,对症支持,无特定药品,需专科治疗
388,结缔组织性肠炎,结缔组织疾病累及胃肠道的有硬皮病，系统性红斑狼疮、结节性多动脉炎、皮肌炎，类风湿性关节炎等，其中以硬皮病最为突出。,对症治疗,无特定药品,需专科治疗
389,急性腹型,急性腹型-高脂血综合征又称家族性高脂蛋白血型Ⅰ型、家族性高乳糜微粒血症、原发性家族性高脂血症、肝脾肿大性脂质沉积症，高胆固醇血症黄脂瘤病、特发性脂质沉积症、高胆固醇血症黄脂瘤病，特发性脂质沉积症，1932年，由Burger和Grutz二人首先报道，故又称Burger-Grutz综合征。,低脂饮食,无特定药品,严格低脂饮食
390,Turcot综合征,家族性结肠瘤伴多发肿瘤综合征是由Turcot1959年提出，故也称Turcot综合征。,定期随访,无特定药品,定期内镜随访
391,急性结肠假性梗阻综合征,急性结肠假性梗阻综合征是原发性或继发性结肠扩张，而结肠本身无梗阻性病变的一组综合征。,对症治疗,无特定药品,需专科治疗
392,急性胆囊炎,急性胆囊炎是由于胆囊管阻塞和细菌侵袭而引起的胆囊炎症，包括单纯性胆囊炎、化脓性或坏疽性胆囊炎，80%伴有胆囊结石，是临床常见的急腹症之一。,抗感染、手术,抗生素,需紧急处理
393,吉尔伯特综合征,吉尔伯特综合征又名体质性肝功能不良，遗传性非溶血性高胆红素血症。,定期随访,无特定药品,无需特殊治疗
394,结石性胆囊炎,结石性胆囊炎系指胆囊由于长期或间歇地受到胆囊内结石的刺激或胆囊颈部结石嵌顿所引起的急性或慢性炎症。,手术或药物治疗,抗生素,饮食调节
395,急性胰腺炎,急性胰腺炎是比较常见的一种急腹症，其发病率占急腹症的第3～5位。,禁食、支持,无特定药品,需住院治疗
396,结肠损伤,结肠损伤是腹部钝性损伤及穿透性损伤所致的较常见的空腔脏器损伤，也可因医源性损伤如钡剂灌肠、结肠镜检查灼切除肠息肉所引起的结肠穿孔等。,紧急手术,无特定药品,需紧急处理
397,可拉明中毒,可拉明，山梗菜碱在儿科应用较广，可因剂量过大或连续多次注射较大剂量而引起中毒。,立即停药、对症,无特定药品,立即就医
398,奎宁中毒,奎宁中毒多因用量过大或特异质引起，静脉注射过快或药液浓度过度可致休克。,立即停药、对症,无特定药品,立即就医
399,克罗恩病,克罗恩病是一种病因尚不十分清楚的胃肠道慢性炎性肉芽肿性疾病，该病由感染因素、环境因素、遗传因素、免疫因素等多种因素共同作用所致。,免疫抑制治疗,美沙拉嗪、糖皮质激素,需专科治疗
400,α1-抗胰蛋白酶缺乏症,α1抗胰蛋白酶缺乏症是一种常染色体共显性遗传病，是一种蛋白质缺陷性疾病。,对症支持,无特定药品,戒烟，定期随访
401,溃疡性结肠炎,溃疡性结肠炎，简称溃结，病因尚未完全阐明，主要是侵及结肠黏膜的慢性非特异性炎性疾病，常始自左半结肠，可向结肠近端乃至全结肠，以连续方式逐渐进展。,免疫抑制治疗,美沙拉嗪、糖皮质激素,需专科治疗
402,磷中毒,因接触磷剂而引起的中毒。,立即脱离、对症,无特定药品,立即就医
403,轮状病毒所致胃肠炎,轮状病毒胃肠炎是病毒性胃肠炎中最常见的一种，普通轮状病毒主要侵犯婴幼儿，而成人腹泻轮状病毒则可引起青壮年胃肠炎的暴发流行。,补液、对症,无特定药品,预防脱水
404,类癌,类癌又称类癌瘤，是一组发生于胃肠道和其他器官嗜铬细胞的新生物。,手术切除,无特定药品,定期随访
405,氯丙嗪类中毒,氯丙嗪类药物为酚噻嗪的衍生物，目前常用者有氯丙嗪、乙酰普马嗪、异丙嗪，奋乃静、三氟拉嗪等，氯丙嗪类中毒多由于用药过量或小儿自取多量误服所致，偶因应用治疗剂量发生过敏反应。,立即停药、对症,无特定药品,立即就医
406,氯喹中毒,氯喹中毒多因口服剂量过大或长期用药所致，服药超过规定剂量3倍以上则可引起重症中毒，偶有应用治疗剂量而发生严重毒性反应。,立即停药、对症,无特定药品,立即就医
407,淋菌性肛门直肠炎,淋菌性肛门直肠炎主要见于男性同性恋，占40％。,抗感染治疗,头孢曲松、阿奇霉素,性伴侣同时治疗
408,阑尾寄生虫病,阑尾寄生虫病引起的急性阑尾炎是常见外科急腹症，很多肠道寄生虫可寄生或进入阑尾腔内。,驱虫、手术,阿苯达唑,需专科治疗
409,轮状病毒性肠炎,轮状病毒性胃肠炎是由轮状病毒所致的急性消化道传染病，又名秋季腹泻。,补液、对症,无特定药品,预防脱水
410,良性阵发性腹膜炎综合征,良性阵发性腹膜炎综合征也称家族性地中海热综合征，遗传性家族性淀粉样变性，Seigal-Cattan-Mamon综合征。,对症治疗,无特定药品,需专科治疗
411,痢疾后综合症,痢疾后综合症，也称Reiter综合征、肠病后类风湿、眼尿道关节炎综合征。,对症治疗,无特定药品,需专科治疗
412,蓝色橡皮泡痣综合症,蓝色橡皮泡痣综合征是指存在于皮肤和胃肠道两方面的静脉畸形，1958年由Bean首先描述，故称Bean综合征。,对症治疗,无特定药品,需专科治疗
413,高血压,高血压是以体循环动脉压增高为主要表现的临床综合征。,降压治疗,氨氯地平、缬沙坦,终身服药，定期监测
414,糖尿病,糖尿病是一种由胰岛素绝对或相对分泌不足以及利用障碍引发的以高血糖为标志的慢性疾病。,降糖治疗,二甲双胍、胰岛素,控制饮食，定期监测血糖
415,冠心病,通常简称为冠心病，是一种缺血性心脏病。,抗血小板、调脂,阿司匹林、阿托伐他汀,控制危险因素
416,脑梗死,又称缺血性脑卒中，是一种血液供应受阻导致局部脑组织缺血性坏死或软化的脑血管疾病。,抗血小板、康复,阿司匹林、氯吡格雷,早期康复，控制血压
417,胃炎,即胃黏膜的炎症，分为急性胃炎和慢性胃炎两大类，大部分胃炎不具备传染性，但幽门螺杆菌感染患者有一定传染性。,抑酸、保护黏膜,奥美拉唑、铝碳酸镁,饮食调节
418,肝炎,是肝脏炎症的统称。,抗病毒、保肝,根据病因选择,需专科治疗
419,肾炎,是由免疫介导的、炎症介质参与的，最后导致肾固有组织发生炎性改变，引起不同程度肾功能减退的一组肾脏疾病。,免疫抑制治疗,糖皮质激素,需专科治疗
420,贫血,是一种常见的血液疾病，其主要特征是体外周血中红细胞数量减少，导致组织和器官供氧不足。,病因治疗,硫酸亚铁、维生素B12,寻找病因
421,骨折,是指骨结构连续性完全或部分断裂，多发于儿童及老年人。,复位、固定,无特定药品,及时固定，康复训练
422,烧伤,一般指热力所引起的组织损害，主要指皮肤和/或黏膜，严重者也可伤及皮下或/和黏膜下组织。,创面处理、支持,无特定药品,预防感染，及时就医
